2026-05-19 16:42:38 INFO  [restartedMain] com.hub.backend.BackendApplication - Starting BackendApplication using Java 17.0.12 with PID 39292 (C:\infonowapp\backend\bin\main started by user in C:\infonowapp\backend)
2026-05-19 16:42:38 INFO  [restartedMain] com.hub.backend.BackendApplication - The following 1 profile is active: "dev"
2026-05-19 16:42:38 INFO  [restartedMain] o.s.d.r.c.RepositoryConfigurationDelegate - Multiple Spring Data modules found, entering strict repository configuration mode
2026-05-19 16:42:38 INFO  [restartedMain] o.s.d.r.c.RepositoryConfigurationDelegate - Bootstrapping Spring Data JPA repositories in DEFAULT mode.
2026-05-19 16:42:38 INFO  [restartedMain] o.s.d.r.c.RepositoryConfigurationDelegate - Finished Spring Data repository scanning in 23 ms. Found 5 JPA repository interfaces.
2026-05-19 16:42:38 INFO  [restartedMain] o.s.d.r.c.RepositoryConfigurationDelegate - Multiple Spring Data modules found, entering strict repository configuration mode
2026-05-19 16:42:38 INFO  [restartedMain] o.s.d.r.c.RepositoryConfigurationDelegate - Bootstrapping Spring Data Redis repositories in DEFAULT mode.
2026-05-19 16:42:38 INFO  [restartedMain] o.s.d.r.c.RepositoryConfigurationExtensionSupport - Spring Data Redis - Could not safely identify store assignment for repository candidate interface com.hub.backend.repository.CategoryRepository; If you want this repository to be a Redis repository, consider annotating your entities with one of these annotations: org.springframework.data.redis.core.RedisHash (preferred), or consider extending one of the following types with your repository: org.springframework.data.keyvalue.repository.KeyValueRepository
2026-05-19 16:42:38 INFO  [restartedMain] o.s.d.r.c.RepositoryConfigurationExtensionSupport - Spring Data Redis - Could not safely identify store assignment for repository candidate interface com.hub.backend.repository.CommentRepository; If you want this repository to be a Redis repository, consider annotating your entities with one of these annotations: org.springframework.data.redis.core.RedisHash (preferred), or consider extending one of the following types with your repository: org.springframework.data.keyvalue.repository.KeyValueRepository
2026-05-19 16:42:38 INFO  [restartedMain] o.s.d.r.c.RepositoryConfigurationExtensionSupport - Spring Data Redis - Could not safely identify store assignment for repository candidate interface com.hub.backend.repository.InfoRepository; If you want this repository to be a Redis repository, consider annotating your entities with one of these annotations: org.springframework.data.redis.core.RedisHash (preferred), or consider extending one of the following types with your repository: org.springframework.data.keyvalue.repository.KeyValueRepository
2026-05-19 16:42:38 INFO  [restartedMain] o.s.d.r.c.RepositoryConfigurationExtensionSupport - Spring Data Redis - Could not safely identify store assignment for repository candidate interface com.hub.backend.repository.PostRepository; If you want this repository to be a Redis repository, consider annotating your entities with one of these annotations: org.springframework.data.redis.core.RedisHash (preferred), or consider extending one of the following types with your repository: org.springframework.data.keyvalue.repository.KeyValueRepository
2026-05-19 16:42:38 INFO  [restartedMain] o.s.d.r.c.RepositoryConfigurationExtensionSupport - Spring Data Redis - Could not safely identify store assignment for repository candidate interface com.hub.backend.repository.UserRepository; If you want this repository to be a Redis repository, consider annotating your entities with one of these annotations: org.springframework.data.redis.core.RedisHash (preferred), or consider extending one of the following types with your repository: org.springframework.data.keyvalue.repository.KeyValueRepository
2026-05-19 16:42:38 INFO  [restartedMain] o.s.d.r.c.RepositoryConfigurationDelegate - Finished Spring Data repository scanning in 7 ms. Found 0 Redis repository interfaces.
2026-05-19 16:42:38 INFO  [restartedMain] o.s.b.w.e.tomcat.TomcatWebServer - Tomcat initialized with port 8093 (http)
2026-05-19 16:42:38 INFO  [restartedMain] o.a.catalina.core.StandardService - Starting service [Tomcat]
2026-05-19 16:42:38 INFO  [restartedMain] o.a.catalina.core.StandardEngine - Starting Servlet engine: [Apache Tomcat/10.1.54]
2026-05-19 16:42:38 INFO  [restartedMain] o.a.c.c.C.[Tomcat].[localhost].[/] - Initializing Spring embedded WebApplicationContext
2026-05-19 16:42:38 INFO  [restartedMain] o.s.b.w.s.c.ServletWebServerApplicationContext - Root WebApplicationContext: initialization completed in 334 ms
2026-05-19 16:42:38 INFO  [restartedMain] o.h.jpa.internal.util.LogHelper - HHH000204: Processing PersistenceUnitInfo [name: default]
2026-05-19 16:42:38 INFO  [restartedMain] o.h.c.i.RegionFactoryInitiator - HHH000026: Second-level cache disabled
2026-05-19 16:42:38 INFO  [restartedMain] o.s.o.j.p.SpringPersistenceUnitInfo - No LoadTimeWeaver setup: ignoring JPA class transformer
2026-05-19 16:42:38 INFO  [restartedMain] com.zaxxer.hikari.HikariDataSource - HikariPool-3 - Starting...
2026-05-19 16:42:38 INFO  [restartedMain] com.zaxxer.hikari.pool.HikariPool - HikariPool-3 - Added connection org.postgresql.jdbc.PgConnection@57176e67
2026-05-19 16:42:38 INFO  [restartedMain] com.zaxxer.hikari.HikariDataSource - HikariPool-3 - Start completed.
2026-05-19 16:42:38 INFO  [restartedMain] o.hibernate.orm.connections.pooling - HHH10001005: Database info:
	Database JDBC URL [Connecting through datasource 'HikariDataSource (HikariPool-3)']
	Database driver: undefined/unknown
	Database version: 16.13
	Autocommit mode: undefined/unknown
	Isolation level: undefined/unknown
	Minimum pool size: undefined/unknown
	Maximum pool size: undefined/unknown
2026-05-19 16:42:38 INFO  [restartedMain] o.h.e.t.j.p.i.JtaPlatformInitiator - HHH000489: No JTA platform available (set 'hibernate.transaction.jta.platform' to enable JTA platform integration)
2026-05-19 16:42:38 INFO  [restartedMain] o.s.o.j.LocalContainerEntityManagerFactoryBean - Initialized JPA EntityManagerFactory for persistence unit 'default'
2026-05-19 16:42:38 WARN  [restartedMain] o.s.b.a.o.j.JpaBaseConfiguration$JpaWebConfiguration - spring.jpa.open-in-view is enabled by default. Therefore, database queries may be performed during view rendering. Explicitly configure spring.jpa.open-in-view to disable this warning
2026-05-19 16:42:38 WARN  [restartedMain] o.s.b.a.s.s.UserDetailsServiceAutoConfiguration - 

Using generated security password: 084cc458-2a61-468a-8c2f-09c439bb9127

This generated password is for development use only. Your security configuration must be updated before running your application in production.

2026-05-19 16:42:38 INFO  [restartedMain] o.s.s.c.a.a.c.InitializeUserDetailsBeanManagerConfigurer$InitializeUserDetailsManagerConfigurer - Global AuthenticationManager configured with UserDetailsService bean with name inMemoryUserDetailsManager
2026-05-19 16:42:38 INFO  [restartedMain] o.s.b.d.a.OptionalLiveReloadServer - LiveReload server is running on port 35729
2026-05-19 16:42:38 INFO  [restartedMain] o.s.b.w.e.tomcat.TomcatWebServer - Tomcat started on port 8093 (http) with context path '/'
2026-05-19 16:42:38 INFO  [restartedMain] com.hub.backend.BackendApplication - Started BackendApplication in 0.95 seconds (process running for 203.162)
2026-05-19 16:42:38 DEBUG [restartedMain] org.hibernate.SQL - 
    select
        c1_0.id 
    from
        categories c1_0 
    where
        c1_0.code=? 
    fetch
        first ? rows only
2026-05-19 16:42:38 TRACE [restartedMain] org.hibernate.orm.jdbc.bind - binding parameter (1:VARCHAR) <- [TREND]
2026-05-19 16:42:38 TRACE [restartedMain] org.hibernate.orm.jdbc.bind - binding parameter (2:INTEGER) <- [1]
2026-05-19 16:42:38 DEBUG [restartedMain] org.hibernate.SQL - 
    select
        c1_0.id 
    from
        categories c1_0 
    where
        c1_0.code=? 
    fetch
        first ? rows only
2026-05-19 16:42:38 TRACE [restartedMain] org.hibernate.orm.jdbc.bind - binding parameter (1:VARCHAR) <- [DEV]
2026-05-19 16:42:38 TRACE [restartedMain] org.hibernate.orm.jdbc.bind - binding parameter (2:INTEGER) <- [1]
2026-05-19 16:42:38 DEBUG [restartedMain] org.hibernate.SQL - 
    select
        c1_0.id 
    from
        categories c1_0 
    where
        c1_0.code=? 
    fetch
        first ? rows only
2026-05-19 16:42:38 TRACE [restartedMain] org.hibernate.orm.jdbc.bind - binding parameter (1:VARCHAR) <- [AI]
2026-05-19 16:42:38 TRACE [restartedMain] org.hibernate.orm.jdbc.bind - binding parameter (2:INTEGER) <- [1]
2026-05-19 16:42:39 DEBUG [restartedMain] org.hibernate.SQL - 
    select
        c1_0.id 
    from
        categories c1_0 
    where
        c1_0.code=? 
    fetch
        first ? rows only
2026-05-19 16:42:39 TRACE [restartedMain] org.hibernate.orm.jdbc.bind - binding parameter (1:VARCHAR) <- [FREE]
2026-05-19 16:42:39 TRACE [restartedMain] org.hibernate.orm.jdbc.bind - binding parameter (2:INTEGER) <- [1]
2026-05-19 16:42:39 INFO  [restartedMain] o.s.b.d.a.ConditionEvaluationDeltaLoggingListener - Condition evaluation unchanged
2026-05-19 16:44:33 INFO  [RMI TCP Connection(22)-127.0.0.1] o.s.b.a.SpringApplicationAdminMXBeanRegistrar$SpringApplicationAdmin - Application shutdown requested.
2026-05-19 16:44:33 INFO  [RMI TCP Connection(22)-127.0.0.1] o.s.b.w.e.tomcat.GracefulShutdown - Commencing graceful shutdown. Waiting for active requests to complete
2026-05-19 16:44:33 INFO  [tomcat-shutdown] o.s.b.w.e.tomcat.GracefulShutdown - Graceful shutdown complete
2026-05-19 16:44:33 INFO  [RMI TCP Connection(22)-127.0.0.1] o.s.o.j.LocalContainerEntityManagerFactoryBean - Closing JPA EntityManagerFactory for persistence unit 'default'
2026-05-19 16:44:33 INFO  [RMI TCP Connection(22)-127.0.0.1] com.zaxxer.hikari.HikariDataSource - HikariPool-3 - Shutdown initiated...
2026-05-19 16:44:33 INFO  [RMI TCP Connection(22)-127.0.0.1] com.zaxxer.hikari.HikariDataSource - HikariPool-3 - Shutdown completed.
2026-05-19 16:44:38 INFO  [restartedMain] com.hub.backend.BackendApplication - Starting BackendApplication using Java 17.0.12 with PID 14480 (C:\infonowapp\backend\bin\main started by user in C:\infonowapp\backend)
2026-05-19 16:44:38 INFO  [restartedMain] com.hub.backend.BackendApplication - The following 1 profile is active: "dev"
2026-05-19 16:44:38 INFO  [restartedMain] o.s.b.d.e.DevToolsPropertyDefaultsPostProcessor - Devtools property defaults active! Set 'spring.devtools.add-properties' to 'false' to disable
2026-05-19 16:44:38 INFO  [restartedMain] o.s.b.d.e.DevToolsPropertyDefaultsPostProcessor - For additional web related logging consider setting the 'logging.level.web' property to 'DEBUG'
2026-05-19 16:44:39 INFO  [restartedMain] o.s.d.r.c.RepositoryConfigurationDelegate - Multiple Spring Data modules found, entering strict repository configuration mode
2026-05-19 16:44:39 INFO  [restartedMain] o.s.d.r.c.RepositoryConfigurationDelegate - Bootstrapping Spring Data JPA repositories in DEFAULT mode.
2026-05-19 16:44:39 INFO  [restartedMain] o.s.d.r.c.RepositoryConfigurationDelegate - Finished Spring Data repository scanning in 153 ms. Found 5 JPA repository interfaces.
2026-05-19 16:44:40 INFO  [restartedMain] o.s.d.r.c.RepositoryConfigurationDelegate - Multiple Spring Data modules found, entering strict repository configuration mode
2026-05-19 16:44:40 INFO  [restartedMain] o.s.d.r.c.RepositoryConfigurationDelegate - Bootstrapping Spring Data Redis repositories in DEFAULT mode.
2026-05-19 16:44:40 INFO  [restartedMain] o.s.d.r.c.RepositoryConfigurationExtensionSupport - Spring Data Redis - Could not safely identify store assignment for repository candidate interface com.hub.backend.repository.CategoryRepository; If you want this repository to be a Redis repository, consider annotating your entities with one of these annotations: org.springframework.data.redis.core.RedisHash (preferred), or consider extending one of the following types with your repository: org.springframework.data.keyvalue.repository.KeyValueRepository
2026-05-19 16:44:40 INFO  [restartedMain] o.s.d.r.c.RepositoryConfigurationExtensionSupport - Spring Data Redis - Could not safely identify store assignment for repository candidate interface com.hub.backend.repository.CommentRepository; If you want this repository to be a Redis repository, consider annotating your entities with one of these annotations: org.springframework.data.redis.core.RedisHash (preferred), or consider extending one of the following types with your repository: org.springframework.data.keyvalue.repository.KeyValueRepository
2026-05-19 16:44:40 INFO  [restartedMain] o.s.d.r.c.RepositoryConfigurationExtensionSupport - Spring Data Redis - Could not safely identify store assignment for repository candidate interface com.hub.backend.repository.InfoRepository; If you want this repository to be a Redis repository, consider annotating your entities with one of these annotations: org.springframework.data.redis.core.RedisHash (preferred), or consider extending one of the following types with your repository: org.springframework.data.keyvalue.repository.KeyValueRepository
2026-05-19 16:44:40 INFO  [restartedMain] o.s.d.r.c.RepositoryConfigurationExtensionSupport - Spring Data Redis - Could not safely identify store assignment for repository candidate interface com.hub.backend.repository.PostRepository; If you want this repository to be a Redis repository, consider annotating your entities with one of these annotations: org.springframework.data.redis.core.RedisHash (preferred), or consider extending one of the following types with your repository: org.springframework.data.keyvalue.repository.KeyValueRepository
2026-05-19 16:44:40 INFO  [restartedMain] o.s.d.r.c.RepositoryConfigurationExtensionSupport - Spring Data Redis - Could not safely identify store assignment for repository candidate interface com.hub.backend.repository.UserRepository; If you want this repository to be a Redis repository, consider annotating your entities with one of these annotations: org.springframework.data.redis.core.RedisHash (preferred), or consider extending one of the following types with your repository: org.springframework.data.keyvalue.repository.KeyValueRepository
2026-05-19 16:44:40 INFO  [restartedMain] o.s.d.r.c.RepositoryConfigurationDelegate - Finished Spring Data repository scanning in 10 ms. Found 0 Redis repository interfaces.
2026-05-19 16:44:40 INFO  [restartedMain] o.s.b.w.e.tomcat.TomcatWebServer - Tomcat initialized with port 8093 (http)
2026-05-19 16:44:40 INFO  [restartedMain] o.a.catalina.core.StandardService - Starting service [Tomcat]
2026-05-19 16:44:40 INFO  [restartedMain] o.a.catalina.core.StandardEngine - Starting Servlet engine: [Apache Tomcat/10.1.54]
2026-05-19 16:44:41 INFO  [restartedMain] o.a.c.c.C.[Tomcat].[localhost].[/] - Initializing Spring embedded WebApplicationContext
2026-05-19 16:44:41 INFO  [restartedMain] o.s.b.w.s.c.ServletWebServerApplicationContext - Root WebApplicationContext: initialization completed in 2250 ms
2026-05-19 16:44:41 INFO  [restartedMain] o.h.jpa.internal.util.LogHelper - HHH000204: Processing PersistenceUnitInfo [name: default]
2026-05-19 16:44:41 INFO  [restartedMain] org.hibernate.Version - HHH000412: Hibernate ORM core version 6.6.49.Final
2026-05-19 16:44:41 INFO  [restartedMain] o.h.c.i.RegionFactoryInitiator - HHH000026: Second-level cache disabled
2026-05-19 16:44:42 INFO  [restartedMain] o.s.o.j.p.SpringPersistenceUnitInfo - No LoadTimeWeaver setup: ignoring JPA class transformer
2026-05-19 16:44:42 INFO  [restartedMain] com.zaxxer.hikari.HikariDataSource - HikariPool-1 - Starting...
2026-05-19 16:44:42 INFO  [restartedMain] com.zaxxer.hikari.pool.HikariPool - HikariPool-1 - Added connection org.postgresql.jdbc.PgConnection@17921451
2026-05-19 16:44:42 INFO  [restartedMain] com.zaxxer.hikari.HikariDataSource - HikariPool-1 - Start completed.
2026-05-19 16:44:42 INFO  [restartedMain] o.hibernate.orm.connections.pooling - HHH10001005: Database info:
	Database JDBC URL [Connecting through datasource 'HikariDataSource (HikariPool-1)']
	Database driver: undefined/unknown
	Database version: 16.13
	Autocommit mode: undefined/unknown
	Isolation level: undefined/unknown
	Minimum pool size: undefined/unknown
	Maximum pool size: undefined/unknown
2026-05-19 16:44:44 INFO  [restartedMain] o.h.e.t.j.p.i.JtaPlatformInitiator - HHH000489: No JTA platform available (set 'hibernate.transaction.jta.platform' to enable JTA platform integration)
2026-05-19 16:44:44 INFO  [restartedMain] o.s.o.j.LocalContainerEntityManagerFactoryBean - Initialized JPA EntityManagerFactory for persistence unit 'default'
2026-05-19 16:44:45 INFO  [restartedMain] o.s.d.j.r.query.QueryEnhancerFactory - Hibernate is in classpath; If applicable, HQL parser will be used.
2026-05-19 16:44:46 WARN  [restartedMain] o.s.b.a.o.j.JpaBaseConfiguration$JpaWebConfiguration - spring.jpa.open-in-view is enabled by default. Therefore, database queries may be performed during view rendering. Explicitly configure spring.jpa.open-in-view to disable this warning
2026-05-19 16:44:47 WARN  [restartedMain] o.s.b.a.s.s.UserDetailsServiceAutoConfiguration - 

Using generated security password: 22327b63-5862-4156-b2d3-6392cfb0f510

This generated password is for development use only. Your security configuration must be updated before running your application in production.

2026-05-19 16:44:47 INFO  [restartedMain] o.s.s.c.a.a.c.InitializeUserDetailsBeanManagerConfigurer$InitializeUserDetailsManagerConfigurer - Global AuthenticationManager configured with UserDetailsService bean with name inMemoryUserDetailsManager
2026-05-19 16:44:47 INFO  [restartedMain] o.s.b.d.a.OptionalLiveReloadServer - LiveReload server is running on port 35729
2026-05-19 16:44:47 INFO  [restartedMain] o.s.b.w.e.tomcat.TomcatWebServer - Tomcat started on port 8093 (http) with context path '/'
2026-05-19 16:44:47 INFO  [restartedMain] com.hub.backend.BackendApplication - Started BackendApplication in 9.403 seconds (process running for 10.072)
2026-05-19 16:44:48 DEBUG [restartedMain] org.hibernate.SQL - 
    select
        c1_0.id 
    from
        categories c1_0 
    where
        c1_0.code=? 
    fetch
        first ? rows only
2026-05-19 16:44:48 TRACE [restartedMain] org.hibernate.orm.jdbc.bind - binding parameter (1:VARCHAR) <- [TREND]
2026-05-19 16:44:48 TRACE [restartedMain] org.hibernate.orm.jdbc.bind - binding parameter (2:INTEGER) <- [1]
2026-05-19 16:44:48 DEBUG [restartedMain] org.hibernate.SQL - 
    select
        c1_0.id 
    from
        categories c1_0 
    where
        c1_0.code=? 
    fetch
        first ? rows only
2026-05-19 16:44:48 TRACE [restartedMain] org.hibernate.orm.jdbc.bind - binding parameter (1:VARCHAR) <- [DEV]
2026-05-19 16:44:48 TRACE [restartedMain] org.hibernate.orm.jdbc.bind - binding parameter (2:INTEGER) <- [1]
2026-05-19 16:44:48 DEBUG [restartedMain] org.hibernate.SQL - 
    select
        c1_0.id 
    from
        categories c1_0 
    where
        c1_0.code=? 
    fetch
        first ? rows only
2026-05-19 16:44:48 TRACE [restartedMain] org.hibernate.orm.jdbc.bind - binding parameter (1:VARCHAR) <- [AI]
2026-05-19 16:44:48 TRACE [restartedMain] org.hibernate.orm.jdbc.bind - binding parameter (2:INTEGER) <- [1]
2026-05-19 16:44:48 DEBUG [restartedMain] org.hibernate.SQL - 
    select
        c1_0.id 
    from
        categories c1_0 
    where
        c1_0.code=? 
    fetch
        first ? rows only
2026-05-19 16:44:48 TRACE [restartedMain] org.hibernate.orm.jdbc.bind - binding parameter (1:VARCHAR) <- [FREE]
2026-05-19 16:44:48 TRACE [restartedMain] org.hibernate.orm.jdbc.bind - binding parameter (2:INTEGER) <- [1]
2026-05-19 16:44:56 INFO  [http-nio-8093-exec-1] o.a.c.c.C.[Tomcat].[localhost].[/] - Initializing Spring DispatcherServlet 'dispatcherServlet'
2026-05-19 16:44:56 INFO  [http-nio-8093-exec-1] o.s.web.servlet.DispatcherServlet - Initializing Servlet 'dispatcherServlet'
2026-05-19 16:44:56 INFO  [http-nio-8093-exec-1] o.s.web.servlet.DispatcherServlet - Completed initialization in 10 ms
2026-05-19 16:44:58 ERROR [http-nio-8093-exec-1] c.h.b.e.GlobalExceptionHandler - Unhanled
java.lang.IllegalArgumentException: Name for argument of type [java.lang.String] not specified, and parameter name information not available via reflection. Ensure that the compiler uses the '-parameters' flag.
	at org.springframework.web.method.annotation.AbstractNamedValueMethodArgumentResolver.updateNamedValueInfo(AbstractNamedValueMethodArgumentResolver.java:186)
	at org.springframework.web.method.annotation.AbstractNamedValueMethodArgumentResolver.getNamedValueInfo(AbstractNamedValueMethodArgumentResolver.java:161)
	at org.springframework.web.method.annotation.AbstractNamedValueMethodArgumentResolver.resolveArgument(AbstractNamedValueMethodArgumentResolver.java:107)
	at org.springframework.web.method.support.HandlerMethodArgumentResolverComposite.resolveArgument(HandlerMethodArgumentResolverComposite.java:122)
	at org.springframework.web.method.support.InvocableHandlerMethod.getMethodArgumentValues(InvocableHandlerMethod.java:227)
	at org.springframework.web.method.support.InvocableHandlerMethod.invokeForRequest(InvocableHandlerMethod.java:181)
	at org.springframework.web.servlet.mvc.method.annotation.ServletInvocableHandlerMethod.invokeAndHandle(ServletInvocableHandlerMethod.java:118)
	at org.springframework.web.servlet.mvc.method.annotation.RequestMappingHandlerAdapter.invokeHandlerMethod(RequestMappingHandlerAdapter.java:991)
	at org.springframework.web.servlet.mvc.method.annotation.RequestMappingHandlerAdapter.handleInternal(RequestMappingHandlerAdapter.java:896)
	at org.springframework.web.servlet.mvc.method.AbstractHandlerMethodAdapter.handle(AbstractHandlerMethodAdapter.java:87)
	at org.springframework.web.servlet.DispatcherServlet.doDispatch(DispatcherServlet.java:1089)
	at org.springframework.web.servlet.DispatcherServlet.doService(DispatcherServlet.java:979)
	at org.springframework.web.servlet.FrameworkServlet.processRequest(FrameworkServlet.java:1014)
	at org.springframework.web.servlet.FrameworkServlet.doGet(FrameworkServlet.java:903)
	at jakarta.servlet.http.HttpServlet.service(HttpServlet.java:564)
	at org.springframework.web.servlet.FrameworkServlet.service(FrameworkServlet.java:885)
	at jakarta.servlet.http.HttpServlet.service(HttpServlet.java:658)
	at org.apache.catalina.core.ApplicationFilterChain.internalDoFilter(ApplicationFilterChain.java:193)
	at org.apache.catalina.core.ApplicationFilterChain.doFilter(ApplicationFilterChain.java:138)
	at org.apache.tomcat.websocket.server.WsFilter.doFilter(WsFilter.java:51)
	at org.apache.catalina.core.ApplicationFilterChain.internalDoFilter(ApplicationFilterChain.java:162)
	at org.apache.catalina.core.ApplicationFilterChain.doFilter(ApplicationFilterChain.java:138)
	at org.springframework.web.filter.OncePerRequestFilter.doFilter(OncePerRequestFilter.java:110)
	at org.apache.catalina.core.ApplicationFilterChain.internalDoFilter(ApplicationFilterChain.java:162)
	at org.apache.catalina.core.ApplicationFilterChain.doFilter(ApplicationFilterChain.java:138)
	at org.springframework.web.filter.CompositeFilter$VirtualFilterChain.doFilter(CompositeFilter.java:108)
	at org.springframework.web.filter.CompositeFilter$VirtualFilterChain.doFilter(CompositeFilter.java:108)
	at org.springframework.security.web.FilterChainProxy.lambda$doFilterInternal$3(FilterChainProxy.java:231)
	at org.springframework.security.web.FilterChainProxy$VirtualFilterChain.doFilter(FilterChainProxy.java:370)
	at org.springframework.security.web.access.intercept.AuthorizationFilter.doFilter(AuthorizationFilter.java:101)
	at org.springframework.security.web.FilterChainProxy$VirtualFilterChain.doFilter(FilterChainProxy.java:379)
	at org.springframework.security.web.access.ExceptionTranslationFilter.doFilter(ExceptionTranslationFilter.java:125)
	at org.springframework.security.web.access.ExceptionTranslationFilter.doFilter(ExceptionTranslationFilter.java:119)
	at org.springframework.security.web.FilterChainProxy$VirtualFilterChain.doFilter(FilterChainProxy.java:379)
	at org.springframework.security.web.session.SessionManagementFilter.doFilter(SessionManagementFilter.java:131)
	at org.springframework.security.web.session.SessionManagementFilter.doFilter(SessionManagementFilter.java:85)
	at org.springframework.security.web.FilterChainProxy$VirtualFilterChain.doFilter(FilterChainProxy.java:379)
	at org.springframework.security.web.authentication.AnonymousAuthenticationFilter.doFilter(AnonymousAuthenticationFilter.java:100)
	at org.springframework.security.web.FilterChainProxy$VirtualFilterChain.doFilter(FilterChainProxy.java:379)
	at org.springframework.security.web.servletapi.SecurityContextHolderAwareRequestFilter.doFilter(SecurityContextHolderAwareRequestFilter.java:179)
	at org.springframework.security.web.FilterChainProxy$VirtualFilterChain.doFilter(FilterChainProxy.java:379)
	at org.springframework.security.web.savedrequest.RequestCacheAwareFilter.doFilter(RequestCacheAwareFilter.java:63)
	at org.springframework.security.web.FilterChainProxy$VirtualFilterChain.doFilter(FilterChainProxy.java:379)
	at com.hub.backend.security.JwtAuthenticationFilter.doFilterInternal(JwtAuthenticationFilter.java:56)
	at org.springframework.web.filter.OncePerRequestFilter.doFilter(OncePerRequestFilter.java:116)
	at org.springframework.security.web.FilterChainProxy$VirtualFilterChain.doFilter(FilterChainProxy.java:379)
	at org.springframework.security.web.authentication.logout.LogoutFilter.doFilter(LogoutFilter.java:107)
	at org.springframework.security.web.authentication.logout.LogoutFilter.doFilter(LogoutFilter.java:93)
	at org.springframework.security.web.FilterChainProxy$VirtualFilterChain.doFilter(FilterChainProxy.java:379)
	at org.springframework.web.filter.CorsFilter.doFilterInternal(CorsFilter.java:91)
	at org.springframework.web.filter.OncePerRequestFilter.doFilter(OncePerRequestFilter.java:116)
	at org.springframework.security.web.FilterChainProxy$VirtualFilterChain.doFilter(FilterChainProxy.java:379)
	at org.springframework.security.web.header.HeaderWriterFilter.doHeadersAfter(HeaderWriterFilter.java:90)
	at org.springframework.security.web.header.HeaderWriterFilter.doFilterInternal(HeaderWriterFilter.java:75)
	at org.springframework.web.filter.OncePerRequestFilter.doFilter(OncePerRequestFilter.java:116)
	at org.springframework.security.web.FilterChainProxy$VirtualFilterChain.doFilter(FilterChainProxy.java:379)
	at org.springframework.security.web.context.SecurityContextHolderFilter.doFilter(SecurityContextHolderFilter.java:82)
	at org.springframework.security.web.context.SecurityContextHolderFilter.doFilter(SecurityContextHolderFilter.java:69)
	at org.springframework.security.web.FilterChainProxy$VirtualFilterChain.doFilter(FilterChainProxy.java:379)
	at org.springframework.security.web.context.request.async.WebAsyncManagerIntegrationFilter.doFilterInternal(WebAsyncManagerIntegrationFilter.java:62)
	at org.springframework.web.filter.OncePerRequestFilter.doFilter(OncePerRequestFilter.java:116)
	at org.springframework.security.web.FilterChainProxy$VirtualFilterChain.doFilter(FilterChainProxy.java:379)
	at org.springframework.security.web.session.DisableEncodeUrlFilter.doFilterInternal(DisableEncodeUrlFilter.java:42)
	at org.springframework.web.filter.OncePerRequestFilter.doFilter(OncePerRequestFilter.java:116)
	at org.springframework.security.web.FilterChainProxy$VirtualFilterChain.doFilter(FilterChainProxy.java:379)
	at org.springframework.security.web.FilterChainProxy.doFilterInternal(FilterChainProxy.java:233)
	at org.springframework.security.web.FilterChainProxy.doFilter(FilterChainProxy.java:191)
	at org.springframework.web.filter.CompositeFilter$VirtualFilterChain.doFilter(CompositeFilter.java:113)
	at org.springframework.web.filter.ServletRequestPathFilter.doFilter(ServletRequestPathFilter.java:52)
	at org.springframework.web.filter.CompositeFilter$VirtualFilterChain.doFilter(CompositeFilter.java:113)
	at org.springframework.web.filter.CompositeFilter.doFilter(CompositeFilter.java:74)
	at org.springframework.security.config.annotation.web.configuration.WebSecurityConfiguration$CompositeFilterChainProxy.doFilter(WebSecurityConfiguration.java:319)
	at org.springframework.web.filter.CompositeFilter$VirtualFilterChain.doFilter(CompositeFilter.java:113)
	at org.springframework.web.servlet.handler.HandlerMappingIntrospector.lambda$createCacheFilter$4(HandlerMappingIntrospector.java:267)
	at org.springframework.web.filter.CompositeFilter$VirtualFilterChain.doFilter(CompositeFilter.java:113)
	at org.springframework.web.filter.CompositeFilter.doFilter(CompositeFilter.java:74)
	at org.springframework.security.config.annotation.web.configuration.WebMvcSecurityConfiguration$CompositeFilterChainProxy.doFilter(WebMvcSecurityConfiguration.java:240)
	at org.springframework.web.filter.DelegatingFilterProxy.invokeDelegate(DelegatingFilterProxy.java:362)
	at org.springframework.web.filter.DelegatingFilterProxy.doFilter(DelegatingFilterProxy.java:278)
	at org.apache.catalina.core.ApplicationFilterChain.internalDoFilter(ApplicationFilterChain.java:162)
	at org.apache.catalina.core.ApplicationFilterChain.doFilter(ApplicationFilterChain.java:138)
	at org.springframework.web.filter.RequestContextFilter.doFilterInternal(RequestContextFilter.java:100)
	at org.springframework.web.filter.OncePerRequestFilter.doFilter(OncePerRequestFilter.java:116)
	at org.apache.catalina.core.ApplicationFilterChain.internalDoFilter(ApplicationFilterChain.java:162)
	at org.apache.catalina.core.ApplicationFilterChain.doFilter(ApplicationFilterChain.java:138)
	at org.springframework.web.filter.FormContentFilter.doFilterInternal(FormContentFilter.java:93)
	at org.springframework.web.filter.OncePerRequestFilter.doFilter(OncePerRequestFilter.java:116)
	at org.apache.catalina.core.ApplicationFilterChain.internalDoFilter(ApplicationFilterChain.java:162)
	at org.apache.catalina.core.ApplicationFilterChain.doFilter(ApplicationFilterChain.java:138)
	at org.springframework.web.filter.CharacterEncodingFilter.doFilterInternal(CharacterEncodingFilter.java:201)
	at org.springframework.web.filter.OncePerRequestFilter.doFilter(OncePerRequestFilter.java:116)
	at org.apache.catalina.core.ApplicationFilterChain.internalDoFilter(ApplicationFilterChain.java:162)
	at org.apache.catalina.core.ApplicationFilterChain.doFilter(ApplicationFilterChain.java:138)
	at org.apache.catalina.core.StandardWrapperValve.invoke(StandardWrapperValve.java:165)
	at org.apache.catalina.core.StandardContextValve.invoke(StandardContextValve.java:88)
	at org.apache.catalina.authenticator.AuthenticatorBase.invoke(AuthenticatorBase.java:492)
	at org.apache.catalina.core.StandardHostValve.invoke(StandardHostValve.java:113)
	at org.apache.catalina.valves.ErrorReportValve.invoke(ErrorReportValve.java:83)
	at org.apache.catalina.core.StandardEngineValve.invoke(StandardEngineValve.java:72)
	at org.apache.catalina.connector.CoyoteAdapter.service(CoyoteAdapter.java:342)
	at org.apache.coyote.http11.Http11Processor.service(Http11Processor.java:399)
	at org.apache.coyote.AbstractProcessorLight.process(AbstractProcessorLight.java:63)
	at org.apache.coyote.AbstractProtocol$ConnectionHandler.process(AbstractProtocol.java:903)
	at org.apache.tomcat.util.net.NioEndpoint$SocketProcessor.doRun(NioEndpoint.java:1797)
	at org.apache.tomcat.util.net.SocketProcessorBase.run(SocketProcessorBase.java:52)
	at org.apache.tomcat.util.threads.ThreadPoolExecutor.runWorker(ThreadPoolExecutor.java:973)
	at org.apache.tomcat.util.threads.ThreadPoolExecutor$Worker.run(ThreadPoolExecutor.java:491)
	at org.apache.tomcat.util.threads.TaskThread$WrappingRunnable.run(TaskThread.java:63)
	at java.base/java.lang.Thread.run(Thread.java:842)
2026-05-19 16:44:58 WARN  [http-nio-8093-exec-1] o.s.w.s.m.m.a.ExceptionHandlerExceptionResolver - Resolved [java.lang.IllegalArgumentException: Name for argument of type [java.lang.String] not specified, and parameter name information not available via reflection. Ensure that the compiler uses the '-parameters' flag.]
2026-05-19 16:45:09 INFO  [File Watcher] o.s.b.d.a.LocalDevToolsAutoConfiguration$RestartingClassPathChangeChangedEventListener - Restarting due to 2 class path changes (0 additions, 0 deletions, 2 modifications)
2026-05-19 16:45:09 INFO  [Thread-5] o.s.b.w.e.tomcat.GracefulShutdown - Commencing graceful shutdown. Waiting for active requests to complete
2026-05-19 16:45:10 INFO  [tomcat-shutdown] o.s.b.w.e.tomcat.GracefulShutdown - Graceful shutdown complete
2026-05-19 16:45:10 INFO  [Thread-5] o.s.o.j.LocalContainerEntityManagerFactoryBean - Closing JPA EntityManagerFactory for persistence unit 'default'
2026-05-19 16:45:10 INFO  [Thread-5] com.zaxxer.hikari.HikariDataSource - HikariPool-1 - Shutdown initiated...
2026-05-19 16:45:10 INFO  [Thread-5] com.zaxxer.hikari.HikariDataSource - HikariPool-1 - Shutdown completed.
2026-05-19 16:45:10 INFO  [restartedMain] com.hub.backend.BackendApplication - Starting BackendApplication using Java 17.0.12 with PID 14480 (C:\infonowapp\backend\bin\main started by user in C:\infonowapp\backend)
2026-05-19 16:45:10 INFO  [restartedMain] com.hub.backend.BackendApplication - The following 1 profile is active: "dev"
2026-05-19 16:45:10 INFO  [restartedMain] o.s.d.r.c.RepositoryConfigurationDelegate - Multiple Spring Data modules found, entering strict repository configuration mode
2026-05-19 16:45:10 INFO  [restartedMain] o.s.d.r.c.RepositoryConfigurationDelegate - Bootstrapping Spring Data JPA repositories in DEFAULT mode.
2026-05-19 16:45:10 INFO  [restartedMain] o.s.d.r.c.RepositoryConfigurationDelegate - Finished Spring Data repository scanning in 47 ms. Found 5 JPA repository interfaces.
2026-05-19 16:45:10 INFO  [restartedMain] o.s.d.r.c.RepositoryConfigurationDelegate - Multiple Spring Data modules found, entering strict repository configuration mode
2026-05-19 16:45:10 INFO  [restartedMain] o.s.d.r.c.RepositoryConfigurationDelegate - Bootstrapping Spring Data Redis repositories in DEFAULT mode.
2026-05-19 16:45:10 INFO  [restartedMain] o.s.d.r.c.RepositoryConfigurationExtensionSupport - Spring Data Redis - Could not safely identify store assignment for repository candidate interface com.hub.backend.repository.CategoryRepository; If you want this repository to be a Redis repository, consider annotating your entities with one of these annotations: org.springframework.data.redis.core.RedisHash (preferred), or consider extending one of the following types with your repository: org.springframework.data.keyvalue.repository.KeyValueRepository
2026-05-19 16:45:10 INFO  [restartedMain] o.s.d.r.c.RepositoryConfigurationExtensionSupport - Spring Data Redis - Could not safely identify store assignment for repository candidate interface com.hub.backend.repository.CommentRepository; If you want this repository to be a Redis repository, consider annotating your entities with one of these annotations: org.springframework.data.redis.core.RedisHash (preferred), or consider extending one of the following types with your repository: org.springframework.data.keyvalue.repository.KeyValueRepository
2026-05-19 16:45:10 INFO  [restartedMain] o.s.d.r.c.RepositoryConfigurationExtensionSupport - Spring Data Redis - Could not safely identify store assignment for repository candidate interface com.hub.backend.repository.InfoRepository; If you want this repository to be a Redis repository, consider annotating your entities with one of these annotations: org.springframework.data.redis.core.RedisHash (preferred), or consider extending one of the following types with your repository: org.springframework.data.keyvalue.repository.KeyValueRepository
2026-05-19 16:45:10 INFO  [restartedMain] o.s.d.r.c.RepositoryConfigurationExtensionSupport - Spring Data Redis - Could not safely identify store assignment for repository candidate interface com.hub.backend.repository.PostRepository; If you want this repository to be a Redis repository, consider annotating your entities with one of these annotations: org.springframework.data.redis.core.RedisHash (preferred), or consider extending one of the following types with your repository: org.springframework.data.keyvalue.repository.KeyValueRepository
2026-05-19 16:45:10 INFO  [restartedMain] o.s.d.r.c.RepositoryConfigurationExtensionSupport - Spring Data Redis - Could not safely identify store assignment for repository candidate interface com.hub.backend.repository.UserRepository; If you want this repository to be a Redis repository, consider annotating your entities with one of these annotations: org.springframework.data.redis.core.RedisHash (preferred), or consider extending one of the following types with your repository: org.springframework.data.keyvalue.repository.KeyValueRepository
2026-05-19 16:45:10 INFO  [restartedMain] o.s.d.r.c.RepositoryConfigurationDelegate - Finished Spring Data repository scanning in 10 ms. Found 0 Redis repository interfaces.
2026-05-19 16:45:10 INFO  [restartedMain] o.s.b.w.e.tomcat.TomcatWebServer - Tomcat initialized with port 8093 (http)
2026-05-19 16:45:10 INFO  [restartedMain] o.a.catalina.core.StandardService - Starting service [Tomcat]
2026-05-19 16:45:10 INFO  [restartedMain] o.a.catalina.core.StandardEngine - Starting Servlet engine: [Apache Tomcat/10.1.54]
2026-05-19 16:45:11 INFO  [restartedMain] o.a.c.c.C.[Tomcat].[localhost].[/] - Initializing Spring embedded WebApplicationContext
2026-05-19 16:45:11 INFO  [restartedMain] o.s.b.w.s.c.ServletWebServerApplicationContext - Root WebApplicationContext: initialization completed in 526 ms
2026-05-19 16:45:11 INFO  [restartedMain] o.h.jpa.internal.util.LogHelper - HHH000204: Processing PersistenceUnitInfo [name: default]
2026-05-19 16:45:11 INFO  [restartedMain] o.h.c.i.RegionFactoryInitiator - HHH000026: Second-level cache disabled
2026-05-19 16:45:11 INFO  [restartedMain] o.s.o.j.p.SpringPersistenceUnitInfo - No LoadTimeWeaver setup: ignoring JPA class transformer
2026-05-19 16:45:11 INFO  [restartedMain] com.zaxxer.hikari.HikariDataSource - HikariPool-2 - Starting...
2026-05-19 16:45:11 INFO  [restartedMain] com.zaxxer.hikari.pool.HikariPool - HikariPool-2 - Added connection org.postgresql.jdbc.PgConnection@3da4a843
2026-05-19 16:45:11 INFO  [restartedMain] com.zaxxer.hikari.HikariDataSource - HikariPool-2 - Start completed.
2026-05-19 16:45:11 INFO  [restartedMain] o.hibernate.orm.connections.pooling - HHH10001005: Database info:
	Database JDBC URL [Connecting through datasource 'HikariDataSource (HikariPool-2)']
	Database driver: undefined/unknown
	Database version: 16.13
	Autocommit mode: undefined/unknown
	Isolation level: undefined/unknown
	Minimum pool size: undefined/unknown
	Maximum pool size: undefined/unknown
2026-05-19 16:45:11 INFO  [restartedMain] o.h.e.t.j.p.i.JtaPlatformInitiator - HHH000489: No JTA platform available (set 'hibernate.transaction.jta.platform' to enable JTA platform integration)
2026-05-19 16:45:11 INFO  [restartedMain] o.s.o.j.LocalContainerEntityManagerFactoryBean - Initialized JPA EntityManagerFactory for persistence unit 'default'
2026-05-19 16:45:11 WARN  [restartedMain] o.s.b.a.o.j.JpaBaseConfiguration$JpaWebConfiguration - spring.jpa.open-in-view is enabled by default. Therefore, database queries may be performed during view rendering. Explicitly configure spring.jpa.open-in-view to disable this warning
2026-05-19 16:45:11 WARN  [restartedMain] o.s.b.a.s.s.UserDetailsServiceAutoConfiguration - 

Using generated security password: 61ecda38-d43d-4ca3-9697-ccc53b452861

This generated password is for development use only. Your security configuration must be updated before running your application in production.

2026-05-19 16:45:11 INFO  [restartedMain] o.s.s.c.a.a.c.InitializeUserDetailsBeanManagerConfigurer$InitializeUserDetailsManagerConfigurer - Global AuthenticationManager configured with UserDetailsService bean with name inMemoryUserDetailsManager
2026-05-19 16:45:11 INFO  [restartedMain] o.s.b.d.a.OptionalLiveReloadServer - LiveReload server is running on port 35729
2026-05-19 16:45:11 INFO  [restartedMain] o.s.b.w.e.tomcat.TomcatWebServer - Tomcat started on port 8093 (http) with context path '/'
2026-05-19 16:45:11 INFO  [restartedMain] com.hub.backend.BackendApplication - Started BackendApplication in 1.25 seconds (process running for 34.052)
2026-05-19 16:45:11 DEBUG [restartedMain] org.hibernate.SQL - 
    select
        c1_0.id 
    from
        categories c1_0 
    where
        c1_0.code=? 
    fetch
        first ? rows only
2026-05-19 16:45:11 TRACE [restartedMain] org.hibernate.orm.jdbc.bind - binding parameter (1:VARCHAR) <- [TREND]
2026-05-19 16:45:11 TRACE [restartedMain] org.hibernate.orm.jdbc.bind - binding parameter (2:INTEGER) <- [1]
2026-05-19 16:45:11 DEBUG [restartedMain] org.hibernate.SQL - 
    select
        c1_0.id 
    from
        categories c1_0 
    where
        c1_0.code=? 
    fetch
        first ? rows only
2026-05-19 16:45:11 TRACE [restartedMain] org.hibernate.orm.jdbc.bind - binding parameter (1:VARCHAR) <- [DEV]
2026-05-19 16:45:11 TRACE [restartedMain] org.hibernate.orm.jdbc.bind - binding parameter (2:INTEGER) <- [1]
2026-05-19 16:45:11 DEBUG [restartedMain] org.hibernate.SQL - 
    select
        c1_0.id 
    from
        categories c1_0 
    where
        c1_0.code=? 
    fetch
        first ? rows only
2026-05-19 16:45:11 TRACE [restartedMain] org.hibernate.orm.jdbc.bind - binding parameter (1:VARCHAR) <- [AI]
2026-05-19 16:45:11 TRACE [restartedMain] org.hibernate.orm.jdbc.bind - binding parameter (2:INTEGER) <- [1]
2026-05-19 16:45:11 DEBUG [restartedMain] org.hibernate.SQL - 
    select
        c1_0.id 
    from
        categories c1_0 
    where
        c1_0.code=? 
    fetch
        first ? rows only
2026-05-19 16:45:11 TRACE [restartedMain] org.hibernate.orm.jdbc.bind - binding parameter (1:VARCHAR) <- [FREE]
2026-05-19 16:45:11 TRACE [restartedMain] org.hibernate.orm.jdbc.bind - binding parameter (2:INTEGER) <- [1]
2026-05-19 16:45:11 INFO  [restartedMain] o.s.b.d.a.ConditionEvaluationDeltaLoggingListener - Condition evaluation unchanged
2026-05-19 16:45:13 INFO  [RMI TCP Connection(10)-127.0.0.1] o.s.b.a.SpringApplicationAdminMXBeanRegistrar$SpringApplicationAdmin - Application shutdown requested.
2026-05-19 16:45:13 INFO  [RMI TCP Connection(10)-127.0.0.1] o.s.b.w.e.tomcat.GracefulShutdown - Commencing graceful shutdown. Waiting for active requests to complete
2026-05-19 16:45:14 INFO  [tomcat-shutdown] o.s.b.w.e.tomcat.GracefulShutdown - Graceful shutdown complete
2026-05-19 16:45:14 INFO  [RMI TCP Connection(10)-127.0.0.1] o.s.o.j.LocalContainerEntityManagerFactoryBean - Closing JPA EntityManagerFactory for persistence unit 'default'
2026-05-19 16:45:14 INFO  [RMI TCP Connection(10)-127.0.0.1] com.zaxxer.hikari.HikariDataSource - HikariPool-2 - Shutdown initiated...
2026-05-19 16:45:14 INFO  [RMI TCP Connection(10)-127.0.0.1] com.zaxxer.hikari.HikariDataSource - HikariPool-2 - Shutdown completed.
2026-05-19 16:45:17 INFO  [restartedMain] com.hub.backend.BackendApplication - Starting BackendApplication using Java 17.0.12 with PID 37500 (C:\infonowapp\backend\bin\main started by user in C:\infonowapp\backend)
2026-05-19 16:45:17 INFO  [restartedMain] com.hub.backend.BackendApplication - The following 1 profile is active: "dev"
2026-05-19 16:45:17 INFO  [restartedMain] o.s.b.d.e.DevToolsPropertyDefaultsPostProcessor - Devtools property defaults active! Set 'spring.devtools.add-properties' to 'false' to disable
2026-05-19 16:45:17 INFO  [restartedMain] o.s.b.d.e.DevToolsPropertyDefaultsPostProcessor - For additional web related logging consider setting the 'logging.level.web' property to 'DEBUG'
2026-05-19 16:46:34 INFO  [restartedMain] com.hub.backend.BackendApplication - Starting BackendApplication using Java 17.0.12 with PID 37424 (C:\infonowapp\backend\bin\main started by user in C:\infonowapp\backend)
2026-05-19 16:46:34 INFO  [restartedMain] com.hub.backend.BackendApplication - The following 1 profile is active: "dev"
2026-05-19 16:46:34 INFO  [restartedMain] o.s.b.d.e.DevToolsPropertyDefaultsPostProcessor - Devtools property defaults active! Set 'spring.devtools.add-properties' to 'false' to disable
2026-05-19 16:46:34 INFO  [restartedMain] o.s.b.d.e.DevToolsPropertyDefaultsPostProcessor - For additional web related logging consider setting the 'logging.level.web' property to 'DEBUG'
2026-05-19 16:46:35 INFO  [restartedMain] o.s.d.r.c.RepositoryConfigurationDelegate - Multiple Spring Data modules found, entering strict repository configuration mode
2026-05-19 16:46:35 INFO  [restartedMain] o.s.d.r.c.RepositoryConfigurationDelegate - Bootstrapping Spring Data JPA repositories in DEFAULT mode.
2026-05-19 16:46:35 INFO  [restartedMain] o.s.d.r.c.RepositoryConfigurationDelegate - Finished Spring Data repository scanning in 139 ms. Found 5 JPA repository interfaces.
2026-05-19 16:46:35 INFO  [restartedMain] o.s.d.r.c.RepositoryConfigurationDelegate - Multiple Spring Data modules found, entering strict repository configuration mode
2026-05-19 16:46:35 INFO  [restartedMain] o.s.d.r.c.RepositoryConfigurationDelegate - Bootstrapping Spring Data Redis repositories in DEFAULT mode.
2026-05-19 16:46:35 INFO  [restartedMain] o.s.d.r.c.RepositoryConfigurationExtensionSupport - Spring Data Redis - Could not safely identify store assignment for repository candidate interface com.hub.backend.repository.CategoryRepository; If you want this repository to be a Redis repository, consider annotating your entities with one of these annotations: org.springframework.data.redis.core.RedisHash (preferred), or consider extending one of the following types with your repository: org.springframework.data.keyvalue.repository.KeyValueRepository
2026-05-19 16:46:35 INFO  [restartedMain] o.s.d.r.c.RepositoryConfigurationExtensionSupport - Spring Data Redis - Could not safely identify store assignment for repository candidate interface com.hub.backend.repository.CommentRepository; If you want this repository to be a Redis repository, consider annotating your entities with one of these annotations: org.springframework.data.redis.core.RedisHash (preferred), or consider extending one of the following types with your repository: org.springframework.data.keyvalue.repository.KeyValueRepository
2026-05-19 16:46:35 INFO  [restartedMain] o.s.d.r.c.RepositoryConfigurationExtensionSupport - Spring Data Redis - Could not safely identify store assignment for repository candidate interface com.hub.backend.repository.InfoRepository; If you want this repository to be a Redis repository, consider annotating your entities with one of these annotations: org.springframework.data.redis.core.RedisHash (preferred), or consider extending one of the following types with your repository: org.springframework.data.keyvalue.repository.KeyValueRepository
2026-05-19 16:46:35 INFO  [restartedMain] o.s.d.r.c.RepositoryConfigurationExtensionSupport - Spring Data Redis - Could not safely identify store assignment for repository candidate interface com.hub.backend.repository.PostRepository; If you want this repository to be a Redis repository, consider annotating your entities with one of these annotations: org.springframework.data.redis.core.RedisHash (preferred), or consider extending one of the following types with your repository: org.springframework.data.keyvalue.repository.KeyValueRepository
2026-05-19 16:46:35 INFO  [restartedMain] o.s.d.r.c.RepositoryConfigurationExtensionSupport - Spring Data Redis - Could not safely identify store assignment for repository candidate interface com.hub.backend.repository.UserRepository; If you want this repository to be a Redis repository, consider annotating your entities with one of these annotations: org.springframework.data.redis.core.RedisHash (preferred), or consider extending one of the following types with your repository: org.springframework.data.keyvalue.repository.KeyValueRepository
2026-05-19 16:46:35 INFO  [restartedMain] o.s.d.r.c.RepositoryConfigurationDelegate - Finished Spring Data repository scanning in 20 ms. Found 0 Redis repository interfaces.
2026-05-19 16:46:35 INFO  [restartedMain] o.s.b.w.e.tomcat.TomcatWebServer - Tomcat initialized with port 8093 (http)
2026-05-19 16:46:35 INFO  [restartedMain] o.a.catalina.core.StandardService - Starting service [Tomcat]
2026-05-19 16:46:35 INFO  [restartedMain] o.a.catalina.core.StandardEngine - Starting Servlet engine: [Apache Tomcat/10.1.54]
2026-05-19 16:46:36 INFO  [restartedMain] o.a.c.c.C.[Tomcat].[localhost].[/] - Initializing Spring embedded WebApplicationContext
2026-05-19 16:46:36 INFO  [restartedMain] o.s.b.w.s.c.ServletWebServerApplicationContext - Root WebApplicationContext: initialization completed in 1852 ms
2026-05-19 16:46:36 INFO  [restartedMain] o.h.jpa.internal.util.LogHelper - HHH000204: Processing PersistenceUnitInfo [name: default]
2026-05-19 16:46:36 INFO  [restartedMain] org.hibernate.Version - HHH000412: Hibernate ORM core version 6.6.49.Final
2026-05-19 16:46:36 INFO  [restartedMain] o.h.c.i.RegionFactoryInitiator - HHH000026: Second-level cache disabled
2026-05-19 16:46:36 INFO  [restartedMain] o.s.o.j.p.SpringPersistenceUnitInfo - No LoadTimeWeaver setup: ignoring JPA class transformer
2026-05-19 16:46:36 INFO  [restartedMain] com.zaxxer.hikari.HikariDataSource - HikariPool-1 - Starting...
2026-05-19 16:46:36 INFO  [restartedMain] com.zaxxer.hikari.pool.HikariPool - HikariPool-1 - Added connection org.postgresql.jdbc.PgConnection@3ed55e5c
2026-05-19 16:46:36 INFO  [restartedMain] com.zaxxer.hikari.HikariDataSource - HikariPool-1 - Start completed.
2026-05-19 16:46:36 INFO  [restartedMain] o.hibernate.orm.connections.pooling - HHH10001005: Database info:
	Database JDBC URL [Connecting through datasource 'HikariDataSource (HikariPool-1)']
	Database driver: undefined/unknown
	Database version: 16.13
	Autocommit mode: undefined/unknown
	Isolation level: undefined/unknown
	Minimum pool size: undefined/unknown
	Maximum pool size: undefined/unknown
2026-05-19 16:46:38 INFO  [restartedMain] o.h.e.t.j.p.i.JtaPlatformInitiator - HHH000489: No JTA platform available (set 'hibernate.transaction.jta.platform' to enable JTA platform integration)
2026-05-19 16:46:38 INFO  [restartedMain] o.s.o.j.LocalContainerEntityManagerFactoryBean - Initialized JPA EntityManagerFactory for persistence unit 'default'
2026-05-19 16:46:39 INFO  [restartedMain] o.s.d.j.r.query.QueryEnhancerFactory - Hibernate is in classpath; If applicable, HQL parser will be used.
2026-05-19 16:46:40 WARN  [restartedMain] o.s.b.a.o.j.JpaBaseConfiguration$JpaWebConfiguration - spring.jpa.open-in-view is enabled by default. Therefore, database queries may be performed during view rendering. Explicitly configure spring.jpa.open-in-view to disable this warning
2026-05-19 16:46:40 WARN  [restartedMain] o.s.b.a.s.s.UserDetailsServiceAutoConfiguration - 

Using generated security password: 90043c2d-7737-41f1-a1b6-afc2565f1e13

This generated password is for development use only. Your security configuration must be updated before running your application in production.

2026-05-19 16:46:40 INFO  [restartedMain] o.s.s.c.a.a.c.InitializeUserDetailsBeanManagerConfigurer$InitializeUserDetailsManagerConfigurer - Global AuthenticationManager configured with UserDetailsService bean with name inMemoryUserDetailsManager
2026-05-19 16:46:40 INFO  [restartedMain] o.s.b.d.a.OptionalLiveReloadServer - LiveReload server is running on port 35729
2026-05-19 16:46:40 INFO  [restartedMain] o.s.b.w.e.tomcat.TomcatWebServer - Tomcat started on port 8093 (http) with context path '/'
2026-05-19 16:46:40 INFO  [restartedMain] com.hub.backend.BackendApplication - Started BackendApplication in 6.952 seconds (process running for 7.564)
2026-05-19 16:46:40 DEBUG [restartedMain] org.hibernate.SQL - 
    select
        c1_0.id 
    from
        categories c1_0 
    where
        c1_0.code=? 
    fetch
        first ? rows only
2026-05-19 16:46:40 TRACE [restartedMain] org.hibernate.orm.jdbc.bind - binding parameter (1:VARCHAR) <- [TREND]
2026-05-19 16:46:40 TRACE [restartedMain] org.hibernate.orm.jdbc.bind - binding parameter (2:INTEGER) <- [1]
2026-05-19 16:46:40 DEBUG [restartedMain] org.hibernate.SQL - 
    select
        c1_0.id 
    from
        categories c1_0 
    where
        c1_0.code=? 
    fetch
        first ? rows only
2026-05-19 16:46:40 TRACE [restartedMain] org.hibernate.orm.jdbc.bind - binding parameter (1:VARCHAR) <- [DEV]
2026-05-19 16:46:40 TRACE [restartedMain] org.hibernate.orm.jdbc.bind - binding parameter (2:INTEGER) <- [1]
2026-05-19 16:46:40 DEBUG [restartedMain] org.hibernate.SQL - 
    select
        c1_0.id 
    from
        categories c1_0 
    where
        c1_0.code=? 
    fetch
        first ? rows only
2026-05-19 16:46:40 TRACE [restartedMain] org.hibernate.orm.jdbc.bind - binding parameter (1:VARCHAR) <- [AI]
2026-05-19 16:46:40 TRACE [restartedMain] org.hibernate.orm.jdbc.bind - binding parameter (2:INTEGER) <- [1]
2026-05-19 16:46:40 DEBUG [restartedMain] org.hibernate.SQL - 
    select
        c1_0.id 
    from
        categories c1_0 
    where
        c1_0.code=? 
    fetch
        first ? rows only
2026-05-19 16:46:40 TRACE [restartedMain] org.hibernate.orm.jdbc.bind - binding parameter (1:VARCHAR) <- [FREE]
2026-05-19 16:46:40 TRACE [restartedMain] org.hibernate.orm.jdbc.bind - binding parameter (2:INTEGER) <- [1]
2026-05-19 16:46:50 INFO  [http-nio-8093-exec-1] o.a.c.c.C.[Tomcat].[localhost].[/] - Initializing Spring DispatcherServlet 'dispatcherServlet'
2026-05-19 16:46:50 INFO  [http-nio-8093-exec-1] o.s.web.servlet.DispatcherServlet - Initializing Servlet 'dispatcherServlet'
2026-05-19 16:46:50 INFO  [http-nio-8093-exec-1] o.s.web.servlet.DispatcherServlet - Completed initialization in 3 ms
2026-05-19 16:46:50 DEBUG [http-nio-8093-exec-1] org.hibernate.SQL - 
    select
        i1_0.id,
        i1_0.author_id,
        a1_0.id,
        a1_0.created_at,
        a1_0.email,
        a1_0.nickname,
        a1_0.password,
        a1_0.role,
        a1_0.updated_at,
        i1_0.body,
        i1_0.category,
        i1_0.created_at,
        i1_0.image_url,
        i1_0.summary,
        i1_0.title,
        i1_0.updated_at 
    from
        info i1_0 
    join
        users a1_0 
            on a1_0.id=i1_0.author_id 
    where
        (
            ? is null 
            or i1_0.category=?
        ) 
        and (
            ? is null 
            or lower(i1_0.title) like lower(('%'||?||'%')) escape '' 
            or lower(i1_0.summary) like lower(('%'||?||'%')) escape '' 
            or exists(select
                1 
            from
                info i2_0 
            join
                info_tag t1_0 
                    on i2_0.id=t1_0.info_id 
            where
                i2_0.id=i1_0.id 
                and lower(t1_0.tag) like lower(('%'||?||'%')) escape '')
        ) 
    order by
        i1_0.created_at desc 
    fetch
        first ? rows only
2026-05-19 16:46:50 TRACE [http-nio-8093-exec-1] org.hibernate.orm.jdbc.bind - binding parameter (1:VARCHAR) <- [null]
2026-05-19 16:46:50 TRACE [http-nio-8093-exec-1] org.hibernate.orm.jdbc.bind - binding parameter (2:VARCHAR) <- [null]
2026-05-19 16:46:50 TRACE [http-nio-8093-exec-1] org.hibernate.orm.jdbc.bind - binding parameter (3:JAVA_OBJECT) <- [null]
2026-05-19 16:46:50 TRACE [http-nio-8093-exec-1] org.hibernate.orm.jdbc.bind - binding parameter (4:JAVA_OBJECT) <- [null]
2026-05-19 16:46:50 TRACE [http-nio-8093-exec-1] org.hibernate.orm.jdbc.bind - binding parameter (5:JAVA_OBJECT) <- [null]
2026-05-19 16:46:50 TRACE [http-nio-8093-exec-1] org.hibernate.orm.jdbc.bind - binding parameter (6:JAVA_OBJECT) <- [null]
2026-05-19 16:46:50 TRACE [http-nio-8093-exec-1] org.hibernate.orm.jdbc.bind - binding parameter (7:INTEGER) <- [24]
2026-05-19 16:46:50 WARN  [http-nio-8093-exec-1] o.h.e.jdbc.spi.SqlExceptionHelper - SQL Error: 0, SQLState: 42883
2026-05-19 16:46:50 ERROR [http-nio-8093-exec-1] o.h.e.jdbc.spi.SqlExceptionHelper - ERROR: function lower(bytea) does not exist
  Hint: No function matches the given name and argument types. You might need to add explicit type casts.
  Position: 353
2026-05-19 16:46:50 ERROR [http-nio-8093-exec-1] c.h.b.e.GlobalExceptionHandler - Unhanled
org.springframework.dao.InvalidDataAccessResourceUsageException: JDBC exception executing SQL [select i1_0.id,i1_0.author_id,a1_0.id,a1_0.created_at,a1_0.email,a1_0.nickname,a1_0.password,a1_0.role,a1_0.updated_at,i1_0.body,i1_0.category,i1_0.created_at,i1_0.image_url,i1_0.summary,i1_0.title,i1_0.updated_at from info i1_0 join users a1_0 on a1_0.id=i1_0.author_id where (? is null or i1_0.category=?) and (? is null or lower(i1_0.title) like lower(('%'||?||'%')) escape '' or lower(i1_0.summary) like lower(('%'||?||'%')) escape '' or exists(select 1 from info i2_0 join info_tag t1_0 on i2_0.id=t1_0.info_id where i2_0.id=i1_0.id and lower(t1_0.tag) like lower(('%'||?||'%')) escape '')) order by i1_0.created_at desc fetch first ? rows only] [ERROR: function lower(bytea) does not exist
  Hint: No function matches the given name and argument types. You might need to add explicit type casts.
  Position: 353] [n/a]; SQL [n/a]
	at org.springframework.orm.jpa.vendor.HibernateJpaDialect.convertHibernateAccessException(HibernateJpaDialect.java:281)
	at org.springframework.orm.jpa.vendor.HibernateJpaDialect.convertHibernateAccessException(HibernateJpaDialect.java:256)
	at org.springframework.orm.jpa.vendor.HibernateJpaDialect.translateExceptionIfPossible(HibernateJpaDialect.java:241)
	at org.springframework.orm.jpa.AbstractEntityManagerFactoryBean.translateExceptionIfPossible(AbstractEntityManagerFactoryBean.java:560)
	at org.springframework.dao.support.ChainedPersistenceExceptionTranslator.translateExceptionIfPossible(ChainedPersistenceExceptionTranslator.java:61)
	at org.springframework.dao.support.DataAccessUtils.translateIfNecessary(DataAccessUtils.java:343)
	at org.springframework.dao.support.PersistenceExceptionTranslationInterceptor.invoke(PersistenceExceptionTranslationInterceptor.java:160)
	at org.springframework.aop.framework.ReflectiveMethodInvocation.proceed(ReflectiveMethodInvocation.java:184)
	at org.springframework.data.jpa.repository.support.CrudMethodMetadataPostProcessor$CrudMethodMetadataPopulatingMethodInterceptor.invoke(CrudMethodMetadataPostProcessor.java:136)
	at org.springframework.aop.framework.ReflectiveMethodInvocation.proceed(ReflectiveMethodInvocation.java:184)
	at org.springframework.aop.framework.JdkDynamicAopProxy.invoke(JdkDynamicAopProxy.java:223)
	at jdk.proxy4/jdk.proxy4.$Proxy170.search(Unknown Source)
	at com.hub.backend.service.InfoService.list(InfoService.java:37)
	at java.base/jdk.internal.reflect.NativeMethodAccessorImpl.invoke0(Native Method)
	at java.base/jdk.internal.reflect.NativeMethodAccessorImpl.invoke(NativeMethodAccessorImpl.java:77)
	at java.base/jdk.internal.reflect.DelegatingMethodAccessorImpl.invoke(DelegatingMethodAccessorImpl.java:43)
	at java.base/java.lang.reflect.Method.invoke(Method.java:568)
	at org.springframework.aop.support.AopUtils.invokeJoinpointUsingReflection(AopUtils.java:360)
	at org.springframework.aop.framework.ReflectiveMethodInvocation.invokeJoinpoint(ReflectiveMethodInvocation.java:196)
	at org.springframework.aop.framework.ReflectiveMethodInvocation.proceed(ReflectiveMethodInvocation.java:163)
	at org.springframework.transaction.interceptor.TransactionAspectSupport.invokeWithinTransaction(TransactionAspectSupport.java:380)
	at org.springframework.transaction.interceptor.TransactionInterceptor.invoke(TransactionInterceptor.java:119)
	at org.springframework.aop.framework.ReflectiveMethodInvocation.proceed(ReflectiveMethodInvocation.java:184)
	at org.springframework.aop.framework.CglibAopProxy$DynamicAdvisedInterceptor.intercept(CglibAopProxy.java:728)
	at com.hub.backend.service.InfoService$$SpringCGLIB$$0.list(<generated>)
	at com.hub.backend.controller.InfoController.list(InfoController.java:40)
	at java.base/jdk.internal.reflect.NativeMethodAccessorImpl.invoke0(Native Method)
	at java.base/jdk.internal.reflect.NativeMethodAccessorImpl.invoke(NativeMethodAccessorImpl.java:77)
	at java.base/jdk.internal.reflect.DelegatingMethodAccessorImpl.invoke(DelegatingMethodAccessorImpl.java:43)
	at java.base/java.lang.reflect.Method.invoke(Method.java:568)
	at org.springframework.web.method.support.InvocableHandlerMethod.doInvoke(InvocableHandlerMethod.java:258)
	at org.springframework.web.method.support.InvocableHandlerMethod.invokeForRequest(InvocableHandlerMethod.java:191)
	at org.springframework.web.servlet.mvc.method.annotation.ServletInvocableHandlerMethod.invokeAndHandle(ServletInvocableHandlerMethod.java:118)
	at org.springframework.web.servlet.mvc.method.annotation.RequestMappingHandlerAdapter.invokeHandlerMethod(RequestMappingHandlerAdapter.java:991)
	at org.springframework.web.servlet.mvc.method.annotation.RequestMappingHandlerAdapter.handleInternal(RequestMappingHandlerAdapter.java:896)
	at org.springframework.web.servlet.mvc.method.AbstractHandlerMethodAdapter.handle(AbstractHandlerMethodAdapter.java:87)
	at org.springframework.web.servlet.DispatcherServlet.doDispatch(DispatcherServlet.java:1089)
	at org.springframework.web.servlet.DispatcherServlet.doService(DispatcherServlet.java:979)
	at org.springframework.web.servlet.FrameworkServlet.processRequest(FrameworkServlet.java:1014)
	at org.springframework.web.servlet.FrameworkServlet.doGet(FrameworkServlet.java:903)
	at jakarta.servlet.http.HttpServlet.service(HttpServlet.java:564)
	at org.springframework.web.servlet.FrameworkServlet.service(FrameworkServlet.java:885)
	at jakarta.servlet.http.HttpServlet.service(HttpServlet.java:658)
	at org.apache.catalina.core.ApplicationFilterChain.internalDoFilter(ApplicationFilterChain.java:193)
	at org.apache.catalina.core.ApplicationFilterChain.doFilter(ApplicationFilterChain.java:138)
	at org.apache.tomcat.websocket.server.WsFilter.doFilter(WsFilter.java:51)
	at org.apache.catalina.core.ApplicationFilterChain.internalDoFilter(ApplicationFilterChain.java:162)
	at org.apache.catalina.core.ApplicationFilterChain.doFilter(ApplicationFilterChain.java:138)
	at org.springframework.web.filter.OncePerRequestFilter.doFilter(OncePerRequestFilter.java:110)
	at org.apache.catalina.core.ApplicationFilterChain.internalDoFilter(ApplicationFilterChain.java:162)
	at org.apache.catalina.core.ApplicationFilterChain.doFilter(ApplicationFilterChain.java:138)
	at org.springframework.web.filter.CompositeFilter$VirtualFilterChain.doFilter(CompositeFilter.java:108)
	at org.springframework.web.filter.CompositeFilter$VirtualFilterChain.doFilter(CompositeFilter.java:108)
	at org.springframework.security.web.FilterChainProxy.lambda$doFilterInternal$3(FilterChainProxy.java:231)
	at org.springframework.security.web.FilterChainProxy$VirtualFilterChain.doFilter(FilterChainProxy.java:370)
	at org.springframework.security.web.access.intercept.AuthorizationFilter.doFilter(AuthorizationFilter.java:101)
	at org.springframework.security.web.FilterChainProxy$VirtualFilterChain.doFilter(FilterChainProxy.java:379)
	at org.springframework.security.web.access.ExceptionTranslationFilter.doFilter(ExceptionTranslationFilter.java:125)
	at org.springframework.security.web.access.ExceptionTranslationFilter.doFilter(ExceptionTranslationFilter.java:119)
	at org.springframework.security.web.FilterChainProxy$VirtualFilterChain.doFilter(FilterChainProxy.java:379)
	at org.springframework.security.web.session.SessionManagementFilter.doFilter(SessionManagementFilter.java:131)
	at org.springframework.security.web.session.SessionManagementFilter.doFilter(SessionManagementFilter.java:85)
	at org.springframework.security.web.FilterChainProxy$VirtualFilterChain.doFilter(FilterChainProxy.java:379)
	at org.springframework.security.web.authentication.AnonymousAuthenticationFilter.doFilter(AnonymousAuthenticationFilter.java:100)
	at org.springframework.security.web.FilterChainProxy$VirtualFilterChain.doFilter(FilterChainProxy.java:379)
	at org.springframework.security.web.servletapi.SecurityContextHolderAwareRequestFilter.doFilter(SecurityContextHolderAwareRequestFilter.java:179)
	at org.springframework.security.web.FilterChainProxy$VirtualFilterChain.doFilter(FilterChainProxy.java:379)
	at org.springframework.security.web.savedrequest.RequestCacheAwareFilter.doFilter(RequestCacheAwareFilter.java:63)
	at org.springframework.security.web.FilterChainProxy$VirtualFilterChain.doFilter(FilterChainProxy.java:379)
	at com.hub.backend.security.JwtAuthenticationFilter.doFilterInternal(JwtAuthenticationFilter.java:56)
	at org.springframework.web.filter.OncePerRequestFilter.doFilter(OncePerRequestFilter.java:116)
	at org.springframework.security.web.FilterChainProxy$VirtualFilterChain.doFilter(FilterChainProxy.java:379)
	at org.springframework.security.web.authentication.logout.LogoutFilter.doFilter(LogoutFilter.java:107)
	at org.springframework.security.web.authentication.logout.LogoutFilter.doFilter(LogoutFilter.java:93)
	at org.springframework.security.web.FilterChainProxy$VirtualFilterChain.doFilter(FilterChainProxy.java:379)
	at org.springframework.web.filter.CorsFilter.doFilterInternal(CorsFilter.java:91)
	at org.springframework.web.filter.OncePerRequestFilter.doFilter(OncePerRequestFilter.java:116)
	at org.springframework.security.web.FilterChainProxy$VirtualFilterChain.doFilter(FilterChainProxy.java:379)
	at org.springframework.security.web.header.HeaderWriterFilter.doHeadersAfter(HeaderWriterFilter.java:90)
	at org.springframework.security.web.header.HeaderWriterFilter.doFilterInternal(HeaderWriterFilter.java:75)
	at org.springframework.web.filter.OncePerRequestFilter.doFilter(OncePerRequestFilter.java:116)
	at org.springframework.security.web.FilterChainProxy$VirtualFilterChain.doFilter(FilterChainProxy.java:379)
	at org.springframework.security.web.context.SecurityContextHolderFilter.doFilter(SecurityContextHolderFilter.java:82)
	at org.springframework.security.web.context.SecurityContextHolderFilter.doFilter(SecurityContextHolderFilter.java:69)
	at org.springframework.security.web.FilterChainProxy$VirtualFilterChain.doFilter(FilterChainProxy.java:379)
	at org.springframework.security.web.context.request.async.WebAsyncManagerIntegrationFilter.doFilterInternal(WebAsyncManagerIntegrationFilter.java:62)
	at org.springframework.web.filter.OncePerRequestFilter.doFilter(OncePerRequestFilter.java:116)
	at org.springframework.security.web.FilterChainProxy$VirtualFilterChain.doFilter(FilterChainProxy.java:379)
	at org.springframework.security.web.session.DisableEncodeUrlFilter.doFilterInternal(DisableEncodeUrlFilter.java:42)
	at org.springframework.web.filter.OncePerRequestFilter.doFilter(OncePerRequestFilter.java:116)
	at org.springframework.security.web.FilterChainProxy$VirtualFilterChain.doFilter(FilterChainProxy.java:379)
	at org.springframework.security.web.FilterChainProxy.doFilterInternal(FilterChainProxy.java:233)
	at org.springframework.security.web.FilterChainProxy.doFilter(FilterChainProxy.java:191)
	at org.springframework.web.filter.CompositeFilter$VirtualFilterChain.doFilter(CompositeFilter.java:113)
	at org.springframework.web.filter.ServletRequestPathFilter.doFilter(ServletRequestPathFilter.java:52)
	at org.springframework.web.filter.CompositeFilter$VirtualFilterChain.doFilter(CompositeFilter.java:113)
	at org.springframework.web.filter.CompositeFilter.doFilter(CompositeFilter.java:74)
	at org.springframework.security.config.annotation.web.configuration.WebSecurityConfiguration$CompositeFilterChainProxy.doFilter(WebSecurityConfiguration.java:319)
	at org.springframework.web.filter.CompositeFilter$VirtualFilterChain.doFilter(CompositeFilter.java:113)
	at org.springframework.web.servlet.handler.HandlerMappingIntrospector.lambda$createCacheFilter$4(HandlerMappingIntrospector.java:267)
	at org.springframework.web.filter.CompositeFilter$VirtualFilterChain.doFilter(CompositeFilter.java:113)
	at org.springframework.web.filter.CompositeFilter.doFilter(CompositeFilter.java:74)
	at org.springframework.security.config.annotation.web.configuration.WebMvcSecurityConfiguration$CompositeFilterChainProxy.doFilter(WebMvcSecurityConfiguration.java:240)
	at org.springframework.web.filter.DelegatingFilterProxy.invokeDelegate(DelegatingFilterProxy.java:362)
	at org.springframework.web.filter.DelegatingFilterProxy.doFilter(DelegatingFilterProxy.java:278)
	at org.apache.catalina.core.ApplicationFilterChain.internalDoFilter(ApplicationFilterChain.java:162)
	at org.apache.catalina.core.ApplicationFilterChain.doFilter(ApplicationFilterChain.java:138)
	at org.springframework.web.filter.RequestContextFilter.doFilterInternal(RequestContextFilter.java:100)
	at org.springframework.web.filter.OncePerRequestFilter.doFilter(OncePerRequestFilter.java:116)
	at org.apache.catalina.core.ApplicationFilterChain.internalDoFilter(ApplicationFilterChain.java:162)
	at org.apache.catalina.core.ApplicationFilterChain.doFilter(ApplicationFilterChain.java:138)
	at org.springframework.web.filter.FormContentFilter.doFilterInternal(FormContentFilter.java:93)
	at org.springframework.web.filter.OncePerRequestFilter.doFilter(OncePerRequestFilter.java:116)
	at org.apache.catalina.core.ApplicationFilterChain.internalDoFilter(ApplicationFilterChain.java:162)
	at org.apache.catalina.core.ApplicationFilterChain.doFilter(ApplicationFilterChain.java:138)
	at org.springframework.web.filter.CharacterEncodingFilter.doFilterInternal(CharacterEncodingFilter.java:201)
	at org.springframework.web.filter.OncePerRequestFilter.doFilter(OncePerRequestFilter.java:116)
	at org.apache.catalina.core.ApplicationFilterChain.internalDoFilter(ApplicationFilterChain.java:162)
	at org.apache.catalina.core.ApplicationFilterChain.doFilter(ApplicationFilterChain.java:138)
	at org.apache.catalina.core.StandardWrapperValve.invoke(StandardWrapperValve.java:165)
	at org.apache.catalina.core.StandardContextValve.invoke(StandardContextValve.java:88)
	at org.apache.catalina.authenticator.AuthenticatorBase.invoke(AuthenticatorBase.java:492)
	at org.apache.catalina.core.StandardHostValve.invoke(StandardHostValve.java:113)
	at org.apache.catalina.valves.ErrorReportValve.invoke(ErrorReportValve.java:83)
	at org.apache.catalina.core.StandardEngineValve.invoke(StandardEngineValve.java:72)
	at org.apache.catalina.connector.CoyoteAdapter.service(CoyoteAdapter.java:342)
	at org.apache.coyote.http11.Http11Processor.service(Http11Processor.java:399)
	at org.apache.coyote.AbstractProcessorLight.process(AbstractProcessorLight.java:63)
	at org.apache.coyote.AbstractProtocol$ConnectionHandler.process(AbstractProtocol.java:903)
	at org.apache.tomcat.util.net.NioEndpoint$SocketProcessor.doRun(NioEndpoint.java:1797)
	at org.apache.tomcat.util.net.SocketProcessorBase.run(SocketProcessorBase.java:52)
	at org.apache.tomcat.util.threads.ThreadPoolExecutor.runWorker(ThreadPoolExecutor.java:973)
	at org.apache.tomcat.util.threads.ThreadPoolExecutor$Worker.run(ThreadPoolExecutor.java:491)
	at org.apache.tomcat.util.threads.TaskThread$WrappingRunnable.run(TaskThread.java:63)
	at java.base/java.lang.Thread.run(Thread.java:842)
Caused by: org.hibernate.exception.SQLGrammarException: JDBC exception executing SQL [select i1_0.id,i1_0.author_id,a1_0.id,a1_0.created_at,a1_0.email,a1_0.nickname,a1_0.password,a1_0.role,a1_0.updated_at,i1_0.body,i1_0.category,i1_0.created_at,i1_0.image_url,i1_0.summary,i1_0.title,i1_0.updated_at from info i1_0 join users a1_0 on a1_0.id=i1_0.author_id where (? is null or i1_0.category=?) and (? is null or lower(i1_0.title) like lower(('%'||?||'%')) escape '' or lower(i1_0.summary) like lower(('%'||?||'%')) escape '' or exists(select 1 from info i2_0 join info_tag t1_0 on i2_0.id=t1_0.info_id where i2_0.id=i1_0.id and lower(t1_0.tag) like lower(('%'||?||'%')) escape '')) order by i1_0.created_at desc fetch first ? rows only] [ERROR: function lower(bytea) does not exist
  Hint: No function matches the given name and argument types. You might need to add explicit type casts.
  Position: 353] [n/a]
	at org.hibernate.exception.internal.SQLStateConversionDelegate.convert(SQLStateConversionDelegate.java:91)
	at org.hibernate.exception.internal.StandardSQLExceptionConverter.convert(StandardSQLExceptionConverter.java:58)
	at org.hibernate.engine.jdbc.spi.SqlExceptionHelper.convert(SqlExceptionHelper.java:108)
	at org.hibernate.engine.jdbc.spi.SqlExceptionHelper.convert(SqlExceptionHelper.java:94)
	at org.hibernate.sql.results.jdbc.internal.DeferredResultSetAccess.executeQuery(DeferredResultSetAccess.java:269)
	at org.hibernate.sql.results.jdbc.internal.DeferredResultSetAccess.getResultSet(DeferredResultSetAccess.java:172)
	at org.hibernate.sql.results.jdbc.internal.JdbcValuesResultSetImpl.<init>(JdbcValuesResultSetImpl.java:74)
	at org.hibernate.sql.exec.internal.JdbcSelectExecutorStandardImpl.resolveJdbcValuesSource(JdbcSelectExecutorStandardImpl.java:355)
	at org.hibernate.sql.exec.internal.JdbcSelectExecutorStandardImpl.doExecuteQuery(JdbcSelectExecutorStandardImpl.java:137)
	at org.hibernate.sql.exec.internal.JdbcSelectExecutorStandardImpl.executeQuery(JdbcSelectExecutorStandardImpl.java:102)
	at org.hibernate.sql.exec.spi.JdbcSelectExecutor.executeQuery(JdbcSelectExecutor.java:91)
	at org.hibernate.sql.exec.spi.JdbcSelectExecutor.list(JdbcSelectExecutor.java:165)
	at org.hibernate.query.sqm.internal.ConcreteSqmSelectQueryPlan.lambda$new$1(ConcreteSqmSelectQueryPlan.java:149)
	at org.hibernate.query.sqm.internal.ConcreteSqmSelectQueryPlan.withCacheableSqmInterpretation(ConcreteSqmSelectQueryPlan.java:439)
	at org.hibernate.query.sqm.internal.ConcreteSqmSelectQueryPlan.performList(ConcreteSqmSelectQueryPlan.java:359)
	at org.hibernate.query.sqm.internal.QuerySqmImpl.doList(QuerySqmImpl.java:364)
	at org.hibernate.query.spi.AbstractSelectionQuery.list(AbstractSelectionQuery.java:143)
	at org.hibernate.query.Query.getResultList(Query.java:120)
	at org.springframework.data.jpa.repository.query.JpaQueryExecution$PagedExecution.doExecute(JpaQueryExecution.java:207)
	at org.springframework.data.jpa.repository.query.JpaQueryExecution.execute(JpaQueryExecution.java:95)
	at org.springframework.data.jpa.repository.query.AbstractJpaQuery.doExecute(AbstractJpaQuery.java:160)
	at org.springframework.data.jpa.repository.query.AbstractJpaQuery.execute(AbstractJpaQuery.java:148)
	at org.springframework.data.repository.core.support.RepositoryMethodInvoker.doInvoke(RepositoryMethodInvoker.java:170)
	at org.springframework.data.repository.core.support.RepositoryMethodInvoker.invoke(RepositoryMethodInvoker.java:158)
	at org.springframework.data.repository.core.support.QueryExecutorMethodInterceptor.doInvoke(QueryExecutorMethodInterceptor.java:170)
	at org.springframework.data.repository.core.support.QueryExecutorMethodInterceptor.invoke(QueryExecutorMethodInterceptor.java:149)
	at org.springframework.aop.framework.ReflectiveMethodInvocation.proceed(ReflectiveMethodInvocation.java:184)
	at org.springframework.data.projection.DefaultMethodInvokingMethodInterceptor.invoke(DefaultMethodInvokingMethodInterceptor.java:69)
	at org.springframework.aop.framework.ReflectiveMethodInvocation.proceed(ReflectiveMethodInvocation.java:184)
	at org.springframework.transaction.interceptor.TransactionAspectSupport.invokeWithinTransaction(TransactionAspectSupport.java:380)
	at org.springframework.transaction.interceptor.TransactionInterceptor.invoke(TransactionInterceptor.java:119)
	at org.springframework.aop.framework.ReflectiveMethodInvocation.proceed(ReflectiveMethodInvocation.java:184)
	at org.springframework.dao.support.PersistenceExceptionTranslationInterceptor.invoke(PersistenceExceptionTranslationInterceptor.java:138)
	... 128 common frames omitted
Caused by: org.postgresql.util.PSQLException: ERROR: function lower(bytea) does not exist
  Hint: No function matches the given name and argument types. You might need to add explicit type casts.
  Position: 353
	at org.postgresql.core.v3.QueryExecutorImpl.receiveErrorResponse(QueryExecutorImpl.java:2875)
	at org.postgresql.core.v3.QueryExecutorImpl.processResults(QueryExecutorImpl.java:2560)
	at org.postgresql.core.v3.QueryExecutorImpl.execute(QueryExecutorImpl.java:429)
	at org.postgresql.jdbc.PgStatement.executeInternal(PgStatement.java:526)
	at org.postgresql.jdbc.PgStatement.execute(PgStatement.java:436)
	at org.postgresql.jdbc.PgPreparedStatement.executeWithFlags(PgPreparedStatement.java:196)
	at org.postgresql.jdbc.PgPreparedStatement.executeQuery(PgPreparedStatement.java:139)
	at com.zaxxer.hikari.pool.ProxyPreparedStatement.executeQuery(ProxyPreparedStatement.java:52)
	at com.zaxxer.hikari.pool.HikariProxyPreparedStatement.executeQuery(HikariProxyPreparedStatement.java)
	at org.hibernate.sql.results.jdbc.internal.DeferredResultSetAccess.executeQuery(DeferredResultSetAccess.java:251)
	... 156 common frames omitted
2026-05-19 16:46:50 WARN  [http-nio-8093-exec-1] o.s.w.s.m.m.a.ExceptionHandlerExceptionResolver - Resolved [org.springframework.dao.InvalidDataAccessResourceUsageException: JDBC exception executing SQL [select i1_0.id,i1_0.author_id,a1_0.id,a1_0.created_at,a1_0.email,a1_0.nickname,a1_0.password,a1_0.role,a1_0.updated_at,i1_0.body,i1_0.category,i1_0.created_at,i1_0.image_url,i1_0.summary,i1_0.title,i1_0.updated_at from info i1_0 join users a1_0 on a1_0.id=i1_0.author_id where (? is null or i1_0.category=?) and (? is null or lower(i1_0.title) like lower(('%'||?||'%')) escape '' or lower(i1_0.summary) like lower(('%'||?||'%')) escape '' or exists(select 1 from info i2_0 join info_tag t1_0 on i2_0.id=t1_0.info_id where i2_0.id=i1_0.id and lower(t1_0.tag) like lower(('%'||?||'%')) escape '')) order by i1_0.created_at desc fetch first ? rows only] [ERROR: function lower(bytea) does not exist<EOL>  Hint: No function matches the given name and argument types. You might need to add explicit type casts.<EOL>  Position: 353] [n/a]; SQL [n/a]]
2026-05-19 16:50:38 INFO  [RMI TCP Connection(12)-127.0.0.1] o.s.b.a.SpringApplicationAdminMXBeanRegistrar$SpringApplicationAdmin - Application shutdown requested.
2026-05-19 16:50:38 INFO  [RMI TCP Connection(12)-127.0.0.1] o.s.b.w.e.tomcat.GracefulShutdown - Commencing graceful shutdown. Waiting for active requests to complete
2026-05-19 16:50:38 INFO  [tomcat-shutdown] o.s.b.w.e.tomcat.GracefulShutdown - Graceful shutdown complete
2026-05-19 16:50:39 INFO  [RMI TCP Connection(12)-127.0.0.1] o.s.o.j.LocalContainerEntityManagerFactoryBean - Closing JPA EntityManagerFactory for persistence unit 'default'
2026-05-19 16:50:39 INFO  [RMI TCP Connection(12)-127.0.0.1] com.zaxxer.hikari.HikariDataSource - HikariPool-1 - Shutdown initiated...
2026-05-19 16:50:39 INFO  [RMI TCP Connection(12)-127.0.0.1] com.zaxxer.hikari.HikariDataSource - HikariPool-1 - Shutdown completed.
2026-05-19 16:50:49 INFO  [restartedMain] com.hub.backend.BackendApplication - Starting BackendApplication using Java 17.0.12 with PID 19852 (C:\infonowapp\backend\bin\main started by user in C:\infonowapp\backend)
2026-05-19 16:50:49 INFO  [restartedMain] com.hub.backend.BackendApplication - The following 1 profile is active: "dev"
2026-05-19 16:50:49 INFO  [restartedMain] o.s.b.d.e.DevToolsPropertyDefaultsPostProcessor - Devtools property defaults active! Set 'spring.devtools.add-properties' to 'false' to disable
2026-05-19 16:50:49 INFO  [restartedMain] o.s.b.d.e.DevToolsPropertyDefaultsPostProcessor - For additional web related logging consider setting the 'logging.level.web' property to 'DEBUG'
2026-05-19 16:50:49 INFO  [restartedMain] o.s.d.r.c.RepositoryConfigurationDelegate - Multiple Spring Data modules found, entering strict repository configuration mode
2026-05-19 16:50:49 INFO  [restartedMain] o.s.d.r.c.RepositoryConfigurationDelegate - Bootstrapping Spring Data JPA repositories in DEFAULT mode.
2026-05-19 16:50:50 INFO  [restartedMain] o.s.d.r.c.RepositoryConfigurationDelegate - Finished Spring Data repository scanning in 134 ms. Found 5 JPA repository interfaces.
2026-05-19 16:50:50 INFO  [restartedMain] o.s.d.r.c.RepositoryConfigurationDelegate - Multiple Spring Data modules found, entering strict repository configuration mode
2026-05-19 16:50:50 INFO  [restartedMain] o.s.d.r.c.RepositoryConfigurationDelegate - Bootstrapping Spring Data Redis repositories in DEFAULT mode.
2026-05-19 16:50:50 INFO  [restartedMain] o.s.d.r.c.RepositoryConfigurationExtensionSupport - Spring Data Redis - Could not safely identify store assignment for repository candidate interface com.hub.backend.repository.CategoryRepository; If you want this repository to be a Redis repository, consider annotating your entities with one of these annotations: org.springframework.data.redis.core.RedisHash (preferred), or consider extending one of the following types with your repository: org.springframework.data.keyvalue.repository.KeyValueRepository
2026-05-19 16:50:50 INFO  [restartedMain] o.s.d.r.c.RepositoryConfigurationExtensionSupport - Spring Data Redis - Could not safely identify store assignment for repository candidate interface com.hub.backend.repository.CommentRepository; If you want this repository to be a Redis repository, consider annotating your entities with one of these annotations: org.springframework.data.redis.core.RedisHash (preferred), or consider extending one of the following types with your repository: org.springframework.data.keyvalue.repository.KeyValueRepository
2026-05-19 16:50:50 INFO  [restartedMain] o.s.d.r.c.RepositoryConfigurationExtensionSupport - Spring Data Redis - Could not safely identify store assignment for repository candidate interface com.hub.backend.repository.InfoRepository; If you want this repository to be a Redis repository, consider annotating your entities with one of these annotations: org.springframework.data.redis.core.RedisHash (preferred), or consider extending one of the following types with your repository: org.springframework.data.keyvalue.repository.KeyValueRepository
2026-05-19 16:50:50 INFO  [restartedMain] o.s.d.r.c.RepositoryConfigurationExtensionSupport - Spring Data Redis - Could not safely identify store assignment for repository candidate interface com.hub.backend.repository.PostRepository; If you want this repository to be a Redis repository, consider annotating your entities with one of these annotations: org.springframework.data.redis.core.RedisHash (preferred), or consider extending one of the following types with your repository: org.springframework.data.keyvalue.repository.KeyValueRepository
2026-05-19 16:50:50 INFO  [restartedMain] o.s.d.r.c.RepositoryConfigurationExtensionSupport - Spring Data Redis - Could not safely identify store assignment for repository candidate interface com.hub.backend.repository.UserRepository; If you want this repository to be a Redis repository, consider annotating your entities with one of these annotations: org.springframework.data.redis.core.RedisHash (preferred), or consider extending one of the following types with your repository: org.springframework.data.keyvalue.repository.KeyValueRepository
2026-05-19 16:50:50 INFO  [restartedMain] o.s.d.r.c.RepositoryConfigurationDelegate - Finished Spring Data repository scanning in 10 ms. Found 0 Redis repository interfaces.
2026-05-19 16:50:50 INFO  [restartedMain] o.s.b.w.e.tomcat.TomcatWebServer - Tomcat initialized with port 8093 (http)
2026-05-19 16:50:50 INFO  [restartedMain] o.a.catalina.core.StandardService - Starting service [Tomcat]
2026-05-19 16:50:50 INFO  [restartedMain] o.a.catalina.core.StandardEngine - Starting Servlet engine: [Apache Tomcat/10.1.54]
2026-05-19 16:50:50 INFO  [restartedMain] o.a.c.c.C.[Tomcat].[localhost].[/] - Initializing Spring embedded WebApplicationContext
2026-05-19 16:50:50 INFO  [restartedMain] o.s.b.w.s.c.ServletWebServerApplicationContext - Root WebApplicationContext: initialization completed in 1630 ms
2026-05-19 16:50:50 INFO  [restartedMain] o.h.jpa.internal.util.LogHelper - HHH000204: Processing PersistenceUnitInfo [name: default]
2026-05-19 16:50:51 INFO  [restartedMain] org.hibernate.Version - HHH000412: Hibernate ORM core version 6.6.49.Final
2026-05-19 16:50:51 INFO  [restartedMain] o.h.c.i.RegionFactoryInitiator - HHH000026: Second-level cache disabled
2026-05-19 16:50:51 INFO  [restartedMain] o.s.o.j.p.SpringPersistenceUnitInfo - No LoadTimeWeaver setup: ignoring JPA class transformer
2026-05-19 16:50:51 INFO  [restartedMain] com.zaxxer.hikari.HikariDataSource - HikariPool-1 - Starting...
2026-05-19 16:50:51 INFO  [restartedMain] com.zaxxer.hikari.pool.HikariPool - HikariPool-1 - Added connection org.postgresql.jdbc.PgConnection@af89f7c
2026-05-19 16:50:51 INFO  [restartedMain] com.zaxxer.hikari.HikariDataSource - HikariPool-1 - Start completed.
2026-05-19 16:50:51 INFO  [restartedMain] o.hibernate.orm.connections.pooling - HHH10001005: Database info:
	Database JDBC URL [Connecting through datasource 'HikariDataSource (HikariPool-1)']
	Database driver: undefined/unknown
	Database version: 16.13
	Autocommit mode: undefined/unknown
	Isolation level: undefined/unknown
	Minimum pool size: undefined/unknown
	Maximum pool size: undefined/unknown
2026-05-19 16:50:52 INFO  [restartedMain] o.h.e.t.j.p.i.JtaPlatformInitiator - HHH000489: No JTA platform available (set 'hibernate.transaction.jta.platform' to enable JTA platform integration)
2026-05-19 16:50:52 INFO  [restartedMain] o.s.o.j.LocalContainerEntityManagerFactoryBean - Initialized JPA EntityManagerFactory for persistence unit 'default'
2026-05-19 16:50:53 INFO  [restartedMain] o.s.d.j.r.query.QueryEnhancerFactory - Hibernate is in classpath; If applicable, HQL parser will be used.
2026-05-19 16:50:54 WARN  [restartedMain] o.s.b.a.o.j.JpaBaseConfiguration$JpaWebConfiguration - spring.jpa.open-in-view is enabled by default. Therefore, database queries may be performed during view rendering. Explicitly configure spring.jpa.open-in-view to disable this warning
2026-05-19 16:50:54 WARN  [restartedMain] o.s.b.a.s.s.UserDetailsServiceAutoConfiguration - 

Using generated security password: a8f003f2-bce0-4c69-ad93-ef6932cbc393

This generated password is for development use only. Your security configuration must be updated before running your application in production.

2026-05-19 16:50:54 INFO  [restartedMain] o.s.s.c.a.a.c.InitializeUserDetailsBeanManagerConfigurer$InitializeUserDetailsManagerConfigurer - Global AuthenticationManager configured with UserDetailsService bean with name inMemoryUserDetailsManager
2026-05-19 16:50:55 INFO  [restartedMain] o.s.b.d.a.OptionalLiveReloadServer - LiveReload server is running on port 35729
2026-05-19 16:50:55 INFO  [restartedMain] o.s.b.w.e.tomcat.TomcatWebServer - Tomcat started on port 8093 (http) with context path '/'
2026-05-19 16:50:55 INFO  [restartedMain] com.hub.backend.BackendApplication - Started BackendApplication in 6.641 seconds (process running for 7.338)
2026-05-19 16:50:55 DEBUG [restartedMain] org.hibernate.SQL - 
    select
        c1_0.id 
    from
        categories c1_0 
    where
        c1_0.code=? 
    fetch
        first ? rows only
2026-05-19 16:50:55 TRACE [restartedMain] org.hibernate.orm.jdbc.bind - binding parameter (1:VARCHAR) <- [TREND]
2026-05-19 16:50:55 TRACE [restartedMain] org.hibernate.orm.jdbc.bind - binding parameter (2:INTEGER) <- [1]
2026-05-19 16:50:55 DEBUG [restartedMain] org.hibernate.SQL - 
    select
        c1_0.id 
    from
        categories c1_0 
    where
        c1_0.code=? 
    fetch
        first ? rows only
2026-05-19 16:50:55 TRACE [restartedMain] org.hibernate.orm.jdbc.bind - binding parameter (1:VARCHAR) <- [DEV]
2026-05-19 16:50:55 TRACE [restartedMain] org.hibernate.orm.jdbc.bind - binding parameter (2:INTEGER) <- [1]
2026-05-19 16:50:55 DEBUG [restartedMain] org.hibernate.SQL - 
    select
        c1_0.id 
    from
        categories c1_0 
    where
        c1_0.code=? 
    fetch
        first ? rows only
2026-05-19 16:50:55 TRACE [restartedMain] org.hibernate.orm.jdbc.bind - binding parameter (1:VARCHAR) <- [AI]
2026-05-19 16:50:55 TRACE [restartedMain] org.hibernate.orm.jdbc.bind - binding parameter (2:INTEGER) <- [1]
2026-05-19 16:50:55 DEBUG [restartedMain] org.hibernate.SQL - 
    select
        c1_0.id 
    from
        categories c1_0 
    where
        c1_0.code=? 
    fetch
        first ? rows only
2026-05-19 16:50:55 TRACE [restartedMain] org.hibernate.orm.jdbc.bind - binding parameter (1:VARCHAR) <- [FREE]
2026-05-19 16:50:55 TRACE [restartedMain] org.hibernate.orm.jdbc.bind - binding parameter (2:INTEGER) <- [1]
2026-05-19 16:51:04 INFO  [http-nio-8093-exec-1] o.a.c.c.C.[Tomcat].[localhost].[/] - Initializing Spring DispatcherServlet 'dispatcherServlet'
2026-05-19 16:51:04 INFO  [http-nio-8093-exec-1] o.s.web.servlet.DispatcherServlet - Initializing Servlet 'dispatcherServlet'
2026-05-19 16:51:04 INFO  [http-nio-8093-exec-1] o.s.web.servlet.DispatcherServlet - Completed initialization in 2 ms
2026-05-19 16:51:04 DEBUG [http-nio-8093-exec-1] org.hibernate.SQL - 
    select
        i1_0.id,
        i1_0.author_id,
        a1_0.id,
        a1_0.created_at,
        a1_0.email,
        a1_0.nickname,
        a1_0.password,
        a1_0.role,
        a1_0.updated_at,
        i1_0.body,
        i1_0.category,
        i1_0.created_at,
        i1_0.image_url,
        i1_0.summary,
        i1_0.title,
        i1_0.updated_at 
    from
        info i1_0 
    join
        users a1_0 
            on a1_0.id=i1_0.author_id 
    order by
        i1_0.created_at desc 
    fetch
        first ? rows only
2026-05-19 16:51:04 TRACE [http-nio-8093-exec-1] org.hibernate.orm.jdbc.bind - binding parameter (1:INTEGER) <- [24]
2026-05-19 16:51:26 DEBUG [http-nio-8093-exec-2] org.hibernate.SQL - 
    select
        u1_0.id,
        u1_0.created_at,
        u1_0.email,
        u1_0.nickname,
        u1_0.password,
        u1_0.role,
        u1_0.updated_at 
    from
        users u1_0 
    where
        u1_0.email=?
2026-05-19 16:51:26 TRACE [http-nio-8093-exec-2] org.hibernate.orm.jdbc.bind - binding parameter (1:VARCHAR) <- [qhcn@qhcn.com]
2026-05-19 16:51:27 DEBUG [http-nio-8093-exec-4] org.hibernate.SQL - 
    select
        i1_0.id,
        i1_0.author_id,
        a1_0.id,
        a1_0.created_at,
        a1_0.email,
        a1_0.nickname,
        a1_0.password,
        a1_0.role,
        a1_0.updated_at,
        i1_0.body,
        i1_0.category,
        i1_0.created_at,
        i1_0.image_url,
        i1_0.summary,
        i1_0.title,
        i1_0.updated_at 
    from
        info i1_0 
    join
        users a1_0 
            on a1_0.id=i1_0.author_id 
    order by
        i1_0.created_at desc 
    fetch
        first ? rows only
2026-05-19 16:51:27 TRACE [http-nio-8093-exec-4] org.hibernate.orm.jdbc.bind - binding parameter (1:INTEGER) <- [24]
2026-05-19 16:51:44 WARN  [http-nio-8093-exec-5] c.h.b.e.GlobalExceptionHandler - CustomException: 파일 저장에 실패했습니다.
2026-05-19 16:51:44 WARN  [http-nio-8093-exec-5] o.s.w.s.m.m.a.ExceptionHandlerExceptionResolver - Resolved [com.hub.backend.exception.CustomException: 파일 저장에 실패했습니다.]
2026-05-19 16:51:59 WARN  [http-nio-8093-exec-3] c.h.b.e.GlobalExceptionHandler - CustomException: 파일 저장에 실패했습니다.
2026-05-19 16:51:59 WARN  [http-nio-8093-exec-3] o.s.w.s.m.m.a.ExceptionHandlerExceptionResolver - Resolved [com.hub.backend.exception.CustomException: 파일 저장에 실패했습니다.]
2026-05-19 16:52:52 DEBUG [http-nio-8093-exec-6] org.hibernate.SQL - 
    select
        u1_0.id,
        u1_0.created_at,
        u1_0.email,
        u1_0.nickname,
        u1_0.password,
        u1_0.role,
        u1_0.updated_at 
    from
        users u1_0 
    where
        u1_0.id=?
2026-05-19 16:52:52 TRACE [http-nio-8093-exec-6] org.hibernate.orm.jdbc.bind - binding parameter (1:BIGINT) <- [1]
2026-05-19 16:52:52 DEBUG [http-nio-8093-exec-6] org.hibernate.SQL - 
    select
        c1_0.id,
        c1_0.code,
        c1_0.label 
    from
        categories c1_0 
    where
        c1_0.code=?
2026-05-19 16:52:52 TRACE [http-nio-8093-exec-6] org.hibernate.orm.jdbc.bind - binding parameter (1:VARCHAR) <- [DEV]
2026-05-19 16:52:52 DEBUG [http-nio-8093-exec-6] org.hibernate.SQL - 
    insert 
    into
        posts
        (user_id, category_id, content, created_at, title, updated_at, view_count) 
    values
        (?, ?, ?, ?, ?, ?, ?)
2026-05-19 16:52:52 TRACE [http-nio-8093-exec-6] org.hibernate.orm.jdbc.bind - binding parameter (1:BIGINT) <- [1]
2026-05-19 16:52:52 TRACE [http-nio-8093-exec-6] org.hibernate.orm.jdbc.bind - binding parameter (2:BIGINT) <- [2]
2026-05-19 16:52:52 TRACE [http-nio-8093-exec-6] org.hibernate.orm.jdbc.bind - binding parameter (3:CLOB) <- [스프링부트 생성할 때 스타터프로젝트의 대부분은 그레이들이 편하다.
왜냐하면 그레들은 xml이랑은 달리 별로 할게 없기 때문이다.]
2026-05-19 16:52:52 TRACE [http-nio-8093-exec-6] org.hibernate.orm.jdbc.bind - binding parameter (4:TIMESTAMP) <- [2026-05-19T16:52:52.231428]
2026-05-19 16:52:52 TRACE [http-nio-8093-exec-6] org.hibernate.orm.jdbc.bind - binding parameter (5:VARCHAR) <- [스프링부트 프로젝트 생성시 주의점]
2026-05-19 16:52:52 TRACE [http-nio-8093-exec-6] org.hibernate.orm.jdbc.bind - binding parameter (6:TIMESTAMP) <- [2026-05-19T16:52:52.231428]
2026-05-19 16:52:52 TRACE [http-nio-8093-exec-6] org.hibernate.orm.jdbc.bind - binding parameter (7:BIGINT) <- [0]
2026-05-19 16:52:56 DEBUG [http-nio-8093-exec-7] org.hibernate.SQL - 
    select
        p1_0.id,
        p1_0.user_id,
        p1_0.category_id,
        p1_0.content,
        p1_0.created_at,
        p1_0.title,
        p1_0.updated_at,
        p1_0.view_count 
    from
        posts p1_0 
    where
        p1_0.id=?
2026-05-19 16:52:56 TRACE [http-nio-8093-exec-7] org.hibernate.orm.jdbc.bind - binding parameter (1:BIGINT) <- [3]
2026-05-19 16:52:56 DEBUG [http-nio-8093-exec-9] org.hibernate.SQL - 
    select
        c1_0.id,
        c1_0.user_id,
        a1_0.id,
        a1_0.created_at,
        a1_0.email,
        a1_0.nickname,
        a1_0.password,
        a1_0.role,
        a1_0.updated_at,
        c1_0.content,
        c1_0.created_at,
        c1_0.post_id,
        c1_0.updated_at 
    from
        comments c1_0 
    join
        posts p1_0 
            on p1_0.id=c1_0.post_id 
    join
        users a1_0 
            on a1_0.id=c1_0.user_id 
    where
        p1_0.id=? 
    order by
        c1_0.created_at
2026-05-19 16:52:56 TRACE [http-nio-8093-exec-9] org.hibernate.orm.jdbc.bind - binding parameter (1:BIGINT) <- [3]
2026-05-19 16:52:56 DEBUG [http-nio-8093-exec-8] org.hibernate.SQL - 
    select
        c1_0.id,
        c1_0.user_id,
        a1_0.id,
        a1_0.created_at,
        a1_0.email,
        a1_0.nickname,
        a1_0.password,
        a1_0.role,
        a1_0.updated_at,
        c1_0.content,
        c1_0.created_at,
        c1_0.post_id,
        c1_0.updated_at 
    from
        comments c1_0 
    join
        posts p1_0 
            on p1_0.id=c1_0.post_id 
    join
        users a1_0 
            on a1_0.id=c1_0.user_id 
    where
        p1_0.id=? 
    order by
        c1_0.created_at
2026-05-19 16:52:56 TRACE [http-nio-8093-exec-8] org.hibernate.orm.jdbc.bind - binding parameter (1:BIGINT) <- [3]
2026-05-19 16:52:56 DEBUG [http-nio-8093-exec-7] org.hibernate.SQL - 
    update
        posts 
    set
        user_id=?,
        category_id=?,
        content=?,
        title=?,
        updated_at=?,
        view_count=? 
    where
        id=?
2026-05-19 16:52:56 TRACE [http-nio-8093-exec-7] org.hibernate.orm.jdbc.bind - binding parameter (1:BIGINT) <- [1]
2026-05-19 16:52:56 TRACE [http-nio-8093-exec-7] org.hibernate.orm.jdbc.bind - binding parameter (2:BIGINT) <- [2]
2026-05-19 16:52:56 TRACE [http-nio-8093-exec-7] org.hibernate.orm.jdbc.bind - binding parameter (3:CLOB) <- [스프링부트 생성할 때 스타터프로젝트의 대부분은 그레이들이 편하다.
왜냐하면 그레들은 xml이랑은 달리 별로 할게 없기 때문이다.]
2026-05-19 16:52:56 TRACE [http-nio-8093-exec-7] org.hibernate.orm.jdbc.bind - binding parameter (4:VARCHAR) <- [스프링부트 프로젝트 생성시 주의점]
2026-05-19 16:52:56 TRACE [http-nio-8093-exec-7] org.hibernate.orm.jdbc.bind - binding parameter (5:TIMESTAMP) <- [2026-05-19T16:52:56.895167]
2026-05-19 16:52:56 TRACE [http-nio-8093-exec-7] org.hibernate.orm.jdbc.bind - binding parameter (6:BIGINT) <- [1]
2026-05-19 16:52:56 TRACE [http-nio-8093-exec-7] org.hibernate.orm.jdbc.bind - binding parameter (7:BIGINT) <- [3]
2026-05-19 16:52:56 DEBUG [http-nio-8093-exec-7] org.hibernate.SQL - 
    select
        count(c1_0.id) 
    from
        comments c1_0 
    join
        posts p1_0 
            on p1_0.id=c1_0.post_id 
    where
        p1_0.id=?
2026-05-19 16:52:56 TRACE [http-nio-8093-exec-7] org.hibernate.orm.jdbc.bind - binding parameter (1:BIGINT) <- [3]
2026-05-19 16:52:56 DEBUG [http-nio-8093-exec-7] org.hibernate.SQL - 
    select
        c1_0.id,
        c1_0.code,
        c1_0.label 
    from
        categories c1_0 
    where
        c1_0.id=?
2026-05-19 16:52:56 TRACE [http-nio-8093-exec-7] org.hibernate.orm.jdbc.bind - binding parameter (1:BIGINT) <- [2]
2026-05-19 16:52:56 DEBUG [http-nio-8093-exec-7] org.hibernate.SQL - 
    select
        u1_0.id,
        u1_0.created_at,
        u1_0.email,
        u1_0.nickname,
        u1_0.password,
        u1_0.role,
        u1_0.updated_at 
    from
        users u1_0 
    where
        u1_0.id=?
2026-05-19 16:52:56 TRACE [http-nio-8093-exec-7] org.hibernate.orm.jdbc.bind - binding parameter (1:BIGINT) <- [1]
2026-05-19 16:52:56 DEBUG [http-nio-8093-exec-10] org.hibernate.SQL - 
    select
        p1_0.id,
        p1_0.user_id,
        p1_0.category_id,
        p1_0.content,
        p1_0.created_at,
        p1_0.title,
        p1_0.updated_at,
        p1_0.view_count 
    from
        posts p1_0 
    where
        p1_0.id=?
2026-05-19 16:52:56 TRACE [http-nio-8093-exec-10] org.hibernate.orm.jdbc.bind - binding parameter (1:BIGINT) <- [3]
2026-05-19 16:52:57 DEBUG [http-nio-8093-exec-10] org.hibernate.SQL - 
    update
        posts 
    set
        user_id=?,
        category_id=?,
        content=?,
        title=?,
        updated_at=?,
        view_count=? 
    where
        id=?
2026-05-19 16:52:57 TRACE [http-nio-8093-exec-10] org.hibernate.orm.jdbc.bind - binding parameter (1:BIGINT) <- [1]
2026-05-19 16:52:57 TRACE [http-nio-8093-exec-10] org.hibernate.orm.jdbc.bind - binding parameter (2:BIGINT) <- [2]
2026-05-19 16:52:57 TRACE [http-nio-8093-exec-10] org.hibernate.orm.jdbc.bind - binding parameter (3:CLOB) <- [스프링부트 생성할 때 스타터프로젝트의 대부분은 그레이들이 편하다.
왜냐하면 그레들은 xml이랑은 달리 별로 할게 없기 때문이다.]
2026-05-19 16:52:57 TRACE [http-nio-8093-exec-10] org.hibernate.orm.jdbc.bind - binding parameter (4:VARCHAR) <- [스프링부트 프로젝트 생성시 주의점]
2026-05-19 16:52:57 TRACE [http-nio-8093-exec-10] org.hibernate.orm.jdbc.bind - binding parameter (5:TIMESTAMP) <- [2026-05-19T16:52:57.005957]
2026-05-19 16:52:57 TRACE [http-nio-8093-exec-10] org.hibernate.orm.jdbc.bind - binding parameter (6:BIGINT) <- [2]
2026-05-19 16:52:57 TRACE [http-nio-8093-exec-10] org.hibernate.orm.jdbc.bind - binding parameter (7:BIGINT) <- [3]
2026-05-19 16:52:57 DEBUG [http-nio-8093-exec-10] org.hibernate.SQL - 
    select
        count(c1_0.id) 
    from
        comments c1_0 
    join
        posts p1_0 
            on p1_0.id=c1_0.post_id 
    where
        p1_0.id=?
2026-05-19 16:52:57 TRACE [http-nio-8093-exec-10] org.hibernate.orm.jdbc.bind - binding parameter (1:BIGINT) <- [3]
2026-05-19 16:52:57 DEBUG [http-nio-8093-exec-10] org.hibernate.SQL - 
    select
        c1_0.id,
        c1_0.code,
        c1_0.label 
    from
        categories c1_0 
    where
        c1_0.id=?
2026-05-19 16:52:57 TRACE [http-nio-8093-exec-10] org.hibernate.orm.jdbc.bind - binding parameter (1:BIGINT) <- [2]
2026-05-19 16:52:57 DEBUG [http-nio-8093-exec-10] org.hibernate.SQL - 
    select
        u1_0.id,
        u1_0.created_at,
        u1_0.email,
        u1_0.nickname,
        u1_0.password,
        u1_0.role,
        u1_0.updated_at 
    from
        users u1_0 
    where
        u1_0.id=?
2026-05-19 16:52:57 TRACE [http-nio-8093-exec-10] org.hibernate.orm.jdbc.bind - binding parameter (1:BIGINT) <- [1]
2026-05-19 16:53:00 DEBUG [http-nio-8093-exec-1] org.hibernate.SQL - 
    select
        p1_0.id,
        p1_0.user_id,
        a1_0.id,
        a1_0.created_at,
        a1_0.email,
        a1_0.nickname,
        a1_0.password,
        a1_0.role,
        a1_0.updated_at,
        p1_0.category_id,
        c1_0.id,
        c1_0.code,
        c1_0.label,
        p1_0.content,
        p1_0.created_at,
        p1_0.title,
        p1_0.updated_at,
        p1_0.view_count 
    from
        posts p1_0 
    join
        users a1_0 
            on a1_0.id=p1_0.user_id 
    join
        categories c1_0 
            on c1_0.id=p1_0.category_id 
    order by
        p1_0.created_at desc 
    fetch
        first ? rows only
2026-05-19 16:53:00 TRACE [http-nio-8093-exec-1] org.hibernate.orm.jdbc.bind - binding parameter (1:INTEGER) <- [50]
2026-05-19 16:53:00 DEBUG [http-nio-8093-exec-1] org.hibernate.SQL - 
    select
        count(c1_0.id) 
    from
        comments c1_0 
    join
        posts p1_0 
            on p1_0.id=c1_0.post_id 
    where
        p1_0.id=?
2026-05-19 16:53:00 TRACE [http-nio-8093-exec-1] org.hibernate.orm.jdbc.bind - binding parameter (1:BIGINT) <- [3]
2026-05-19 16:53:00 DEBUG [http-nio-8093-exec-1] org.hibernate.SQL - 
    select
        count(c1_0.id) 
    from
        comments c1_0 
    join
        posts p1_0 
            on p1_0.id=c1_0.post_id 
    where
        p1_0.id=?
2026-05-19 16:53:00 TRACE [http-nio-8093-exec-1] org.hibernate.orm.jdbc.bind - binding parameter (1:BIGINT) <- [2]
2026-05-19 16:53:01 DEBUG [http-nio-8093-exec-1] org.hibernate.SQL - 
    select
        count(c1_0.id) 
    from
        comments c1_0 
    join
        posts p1_0 
            on p1_0.id=c1_0.post_id 
    where
        p1_0.id=?
2026-05-19 16:53:01 TRACE [http-nio-8093-exec-1] org.hibernate.orm.jdbc.bind - binding parameter (1:BIGINT) <- [1]
2026-05-19 16:53:07 DEBUG [http-nio-8093-exec-2] org.hibernate.SQL - 
    select
        i1_0.id,
        i1_0.author_id,
        a1_0.id,
        a1_0.created_at,
        a1_0.email,
        a1_0.nickname,
        a1_0.password,
        a1_0.role,
        a1_0.updated_at,
        i1_0.body,
        i1_0.category,
        i1_0.created_at,
        i1_0.image_url,
        i1_0.summary,
        i1_0.title,
        i1_0.updated_at 
    from
        info i1_0 
    join
        users a1_0 
            on a1_0.id=i1_0.author_id 
    order by
        i1_0.created_at desc 
    fetch
        first ? rows only
2026-05-19 16:53:07 TRACE [http-nio-8093-exec-2] org.hibernate.orm.jdbc.bind - binding parameter (1:INTEGER) <- [24]
2026-05-19 16:53:10 DEBUG [http-nio-8093-exec-4] org.hibernate.SQL - 
    select
        i1_0.id,
        i1_0.author_id,
        a1_0.id,
        a1_0.created_at,
        a1_0.email,
        a1_0.nickname,
        a1_0.password,
        a1_0.role,
        a1_0.updated_at,
        i1_0.body,
        i1_0.category,
        i1_0.created_at,
        i1_0.image_url,
        i1_0.summary,
        i1_0.title,
        i1_0.updated_at 
    from
        info i1_0 
    join
        users a1_0 
            on a1_0.id=i1_0.author_id 
    where
        i1_0.category=? 
    order by
        i1_0.created_at desc 
    fetch
        first ? rows only
2026-05-19 16:53:10 TRACE [http-nio-8093-exec-4] org.hibernate.orm.jdbc.bind - binding parameter (1:VARCHAR) <- [TREND]
2026-05-19 16:53:10 TRACE [http-nio-8093-exec-4] org.hibernate.orm.jdbc.bind - binding parameter (2:INTEGER) <- [24]
2026-05-19 16:53:11 DEBUG [http-nio-8093-exec-5] org.hibernate.SQL - 
    select
        i1_0.id,
        i1_0.author_id,
        a1_0.id,
        a1_0.created_at,
        a1_0.email,
        a1_0.nickname,
        a1_0.password,
        a1_0.role,
        a1_0.updated_at,
        i1_0.body,
        i1_0.category,
        i1_0.created_at,
        i1_0.image_url,
        i1_0.summary,
        i1_0.title,
        i1_0.updated_at 
    from
        info i1_0 
    join
        users a1_0 
            on a1_0.id=i1_0.author_id 
    where
        i1_0.category=? 
    order by
        i1_0.created_at desc 
    fetch
        first ? rows only
2026-05-19 16:53:11 TRACE [http-nio-8093-exec-5] org.hibernate.orm.jdbc.bind - binding parameter (1:VARCHAR) <- [DEV]
2026-05-19 16:53:11 TRACE [http-nio-8093-exec-5] org.hibernate.orm.jdbc.bind - binding parameter (2:INTEGER) <- [24]
2026-05-19 16:53:11 DEBUG [http-nio-8093-exec-3] org.hibernate.SQL - 
    select
        i1_0.id,
        i1_0.author_id,
        a1_0.id,
        a1_0.created_at,
        a1_0.email,
        a1_0.nickname,
        a1_0.password,
        a1_0.role,
        a1_0.updated_at,
        i1_0.body,
        i1_0.category,
        i1_0.created_at,
        i1_0.image_url,
        i1_0.summary,
        i1_0.title,
        i1_0.updated_at 
    from
        info i1_0 
    join
        users a1_0 
            on a1_0.id=i1_0.author_id 
    where
        i1_0.category=? 
    order by
        i1_0.created_at desc 
    fetch
        first ? rows only
2026-05-19 16:53:11 TRACE [http-nio-8093-exec-3] org.hibernate.orm.jdbc.bind - binding parameter (1:VARCHAR) <- [AI]
2026-05-19 16:53:11 TRACE [http-nio-8093-exec-3] org.hibernate.orm.jdbc.bind - binding parameter (2:INTEGER) <- [24]
2026-05-19 16:53:11 DEBUG [http-nio-8093-exec-6] org.hibernate.SQL - 
    select
        i1_0.id,
        i1_0.author_id,
        a1_0.id,
        a1_0.created_at,
        a1_0.email,
        a1_0.nickname,
        a1_0.password,
        a1_0.role,
        a1_0.updated_at,
        i1_0.body,
        i1_0.category,
        i1_0.created_at,
        i1_0.image_url,
        i1_0.summary,
        i1_0.title,
        i1_0.updated_at 
    from
        info i1_0 
    join
        users a1_0 
            on a1_0.id=i1_0.author_id 
    where
        i1_0.category=? 
    order by
        i1_0.created_at desc 
    fetch
        first ? rows only
2026-05-19 16:53:11 TRACE [http-nio-8093-exec-6] org.hibernate.orm.jdbc.bind - binding parameter (1:VARCHAR) <- [FREE]
2026-05-19 16:53:11 TRACE [http-nio-8093-exec-6] org.hibernate.orm.jdbc.bind - binding parameter (2:INTEGER) <- [24]
2026-05-19 16:53:12 DEBUG [http-nio-8093-exec-9] org.hibernate.SQL - 
    select
        i1_0.id,
        i1_0.author_id,
        a1_0.id,
        a1_0.created_at,
        a1_0.email,
        a1_0.nickname,
        a1_0.password,
        a1_0.role,
        a1_0.updated_at,
        i1_0.body,
        i1_0.category,
        i1_0.created_at,
        i1_0.image_url,
        i1_0.summary,
        i1_0.title,
        i1_0.updated_at 
    from
        info i1_0 
    join
        users a1_0 
            on a1_0.id=i1_0.author_id 
    order by
        i1_0.created_at desc 
    fetch
        first ? rows only
2026-05-19 16:53:12 TRACE [http-nio-8093-exec-9] org.hibernate.orm.jdbc.bind - binding parameter (1:INTEGER) <- [24]
2026-05-19 16:53:39 WARN  [http-nio-8093-exec-8] c.h.b.e.GlobalExceptionHandler - CustomException: 파일 저장에 실패했습니다.
2026-05-19 16:53:39 WARN  [http-nio-8093-exec-8] o.s.w.s.m.m.a.ExceptionHandlerExceptionResolver - Resolved [com.hub.backend.exception.CustomException: 파일 저장에 실패했습니다.]
2026-05-19 16:55:34 DEBUG [http-nio-8093-exec-7] org.hibernate.SQL - 
    select
        i1_0.id,
        i1_0.author_id,
        a1_0.id,
        a1_0.created_at,
        a1_0.email,
        a1_0.nickname,
        a1_0.password,
        a1_0.role,
        a1_0.updated_at,
        i1_0.body,
        i1_0.category,
        i1_0.created_at,
        i1_0.image_url,
        i1_0.summary,
        i1_0.title,
        i1_0.updated_at 
    from
        info i1_0 
    join
        users a1_0 
            on a1_0.id=i1_0.author_id 
    order by
        i1_0.created_at desc 
    fetch
        first ? rows only
2026-05-19 16:55:34 TRACE [http-nio-8093-exec-7] org.hibernate.orm.jdbc.bind - binding parameter (1:INTEGER) <- [24]
2026-05-19 16:55:44 DEBUG [http-nio-8093-exec-10] org.hibernate.SQL - 
    select
        u1_0.id,
        u1_0.created_at,
        u1_0.email,
        u1_0.nickname,
        u1_0.password,
        u1_0.role,
        u1_0.updated_at 
    from
        users u1_0 
    where
        u1_0.email=?
2026-05-19 16:55:44 TRACE [http-nio-8093-exec-10] org.hibernate.orm.jdbc.bind - binding parameter (1:VARCHAR) <- [qhcn@qhcn.com]
2026-05-19 16:55:44 DEBUG [http-nio-8093-exec-1] org.hibernate.SQL - 
    select
        i1_0.id,
        i1_0.author_id,
        a1_0.id,
        a1_0.created_at,
        a1_0.email,
        a1_0.nickname,
        a1_0.password,
        a1_0.role,
        a1_0.updated_at,
        i1_0.body,
        i1_0.category,
        i1_0.created_at,
        i1_0.image_url,
        i1_0.summary,
        i1_0.title,
        i1_0.updated_at 
    from
        info i1_0 
    join
        users a1_0 
            on a1_0.id=i1_0.author_id 
    order by
        i1_0.created_at desc 
    fetch
        first ? rows only
2026-05-19 16:55:44 TRACE [http-nio-8093-exec-1] org.hibernate.orm.jdbc.bind - binding parameter (1:INTEGER) <- [24]
2026-05-19 16:55:52 WARN  [http-nio-8093-exec-2] c.h.b.e.GlobalExceptionHandler - CustomException: 파일 저장에 실패했습니다.
2026-05-19 16:55:52 WARN  [http-nio-8093-exec-2] o.s.w.s.m.m.a.ExceptionHandlerExceptionResolver - Resolved [com.hub.backend.exception.CustomException: 파일 저장에 실패했습니다.]
2026-05-19 16:59:08 INFO  [RMI TCP Connection(17)-127.0.0.1] o.s.b.a.SpringApplicationAdminMXBeanRegistrar$SpringApplicationAdmin - Application shutdown requested.
2026-05-19 16:59:08 INFO  [RMI TCP Connection(17)-127.0.0.1] o.s.b.w.e.tomcat.GracefulShutdown - Commencing graceful shutdown. Waiting for active requests to complete
2026-05-19 16:59:08 INFO  [tomcat-shutdown] o.s.b.w.e.tomcat.GracefulShutdown - Graceful shutdown complete
2026-05-19 16:59:08 INFO  [RMI TCP Connection(17)-127.0.0.1] o.s.o.j.LocalContainerEntityManagerFactoryBean - Closing JPA EntityManagerFactory for persistence unit 'default'
2026-05-19 16:59:08 INFO  [RMI TCP Connection(17)-127.0.0.1] com.zaxxer.hikari.HikariDataSource - HikariPool-1 - Shutdown initiated...
2026-05-19 16:59:08 INFO  [RMI TCP Connection(17)-127.0.0.1] com.zaxxer.hikari.HikariDataSource - HikariPool-1 - Shutdown completed.
2026-05-19 16:59:12 INFO  [restartedMain] com.hub.backend.BackendApplication - Starting BackendApplication using Java 17.0.12 with PID 36956 (C:\infonowapp\backend\bin\main started by user in C:\infonowapp\backend)
2026-05-19 16:59:12 INFO  [restartedMain] com.hub.backend.BackendApplication - The following 1 profile is active: "dev"
2026-05-19 16:59:12 INFO  [restartedMain] o.s.b.d.e.DevToolsPropertyDefaultsPostProcessor - Devtools property defaults active! Set 'spring.devtools.add-properties' to 'false' to disable
2026-05-19 16:59:12 INFO  [restartedMain] o.s.b.d.e.DevToolsPropertyDefaultsPostProcessor - For additional web related logging consider setting the 'logging.level.web' property to 'DEBUG'
2026-05-19 16:59:12 INFO  [restartedMain] o.s.d.r.c.RepositoryConfigurationDelegate - Multiple Spring Data modules found, entering strict repository configuration mode
2026-05-19 16:59:12 INFO  [restartedMain] o.s.d.r.c.RepositoryConfigurationDelegate - Bootstrapping Spring Data JPA repositories in DEFAULT mode.
2026-05-19 16:59:13 INFO  [restartedMain] o.s.d.r.c.RepositoryConfigurationDelegate - Finished Spring Data repository scanning in 152 ms. Found 5 JPA repository interfaces.
2026-05-19 16:59:13 INFO  [restartedMain] o.s.d.r.c.RepositoryConfigurationDelegate - Multiple Spring Data modules found, entering strict repository configuration mode
2026-05-19 16:59:13 INFO  [restartedMain] o.s.d.r.c.RepositoryConfigurationDelegate - Bootstrapping Spring Data Redis repositories in DEFAULT mode.
2026-05-19 16:59:13 INFO  [restartedMain] o.s.d.r.c.RepositoryConfigurationExtensionSupport - Spring Data Redis - Could not safely identify store assignment for repository candidate interface com.hub.backend.repository.CategoryRepository; If you want this repository to be a Redis repository, consider annotating your entities with one of these annotations: org.springframework.data.redis.core.RedisHash (preferred), or consider extending one of the following types with your repository: org.springframework.data.keyvalue.repository.KeyValueRepository
2026-05-19 16:59:13 INFO  [restartedMain] o.s.d.r.c.RepositoryConfigurationExtensionSupport - Spring Data Redis - Could not safely identify store assignment for repository candidate interface com.hub.backend.repository.CommentRepository; If you want this repository to be a Redis repository, consider annotating your entities with one of these annotations: org.springframework.data.redis.core.RedisHash (preferred), or consider extending one of the following types with your repository: org.springframework.data.keyvalue.repository.KeyValueRepository
2026-05-19 16:59:13 INFO  [restartedMain] o.s.d.r.c.RepositoryConfigurationExtensionSupport - Spring Data Redis - Could not safely identify store assignment for repository candidate interface com.hub.backend.repository.InfoRepository; If you want this repository to be a Redis repository, consider annotating your entities with one of these annotations: org.springframework.data.redis.core.RedisHash (preferred), or consider extending one of the following types with your repository: org.springframework.data.keyvalue.repository.KeyValueRepository
2026-05-19 16:59:13 INFO  [restartedMain] o.s.d.r.c.RepositoryConfigurationExtensionSupport - Spring Data Redis - Could not safely identify store assignment for repository candidate interface com.hub.backend.repository.PostRepository; If you want this repository to be a Redis repository, consider annotating your entities with one of these annotations: org.springframework.data.redis.core.RedisHash (preferred), or consider extending one of the following types with your repository: org.springframework.data.keyvalue.repository.KeyValueRepository
2026-05-19 16:59:13 INFO  [restartedMain] o.s.d.r.c.RepositoryConfigurationExtensionSupport - Spring Data Redis - Could not safely identify store assignment for repository candidate interface com.hub.backend.repository.UserRepository; If you want this repository to be a Redis repository, consider annotating your entities with one of these annotations: org.springframework.data.redis.core.RedisHash (preferred), or consider extending one of the following types with your repository: org.springframework.data.keyvalue.repository.KeyValueRepository
2026-05-19 16:59:13 INFO  [restartedMain] o.s.d.r.c.RepositoryConfigurationDelegate - Finished Spring Data repository scanning in 11 ms. Found 0 Redis repository interfaces.
2026-05-19 16:59:13 INFO  [restartedMain] o.s.b.w.e.tomcat.TomcatWebServer - Tomcat initialized with port 8093 (http)
2026-05-19 16:59:13 INFO  [restartedMain] o.a.catalina.core.StandardService - Starting service [Tomcat]
2026-05-19 16:59:13 INFO  [restartedMain] o.a.catalina.core.StandardEngine - Starting Servlet engine: [Apache Tomcat/10.1.54]
2026-05-19 16:59:13 INFO  [restartedMain] o.a.c.c.C.[Tomcat].[localhost].[/] - Initializing Spring embedded WebApplicationContext
2026-05-19 16:59:13 INFO  [restartedMain] o.s.b.w.s.c.ServletWebServerApplicationContext - Root WebApplicationContext: initialization completed in 1649 ms
2026-05-19 16:59:13 INFO  [restartedMain] o.h.jpa.internal.util.LogHelper - HHH000204: Processing PersistenceUnitInfo [name: default]
2026-05-19 16:59:13 INFO  [restartedMain] org.hibernate.Version - HHH000412: Hibernate ORM core version 6.6.49.Final
2026-05-19 16:59:14 INFO  [restartedMain] o.h.c.i.RegionFactoryInitiator - HHH000026: Second-level cache disabled
2026-05-19 16:59:14 INFO  [restartedMain] o.s.o.j.p.SpringPersistenceUnitInfo - No LoadTimeWeaver setup: ignoring JPA class transformer
2026-05-19 16:59:14 INFO  [restartedMain] com.zaxxer.hikari.HikariDataSource - HikariPool-1 - Starting...
2026-05-19 16:59:14 INFO  [restartedMain] com.zaxxer.hikari.pool.HikariPool - HikariPool-1 - Added connection org.postgresql.jdbc.PgConnection@af89f7c
2026-05-19 16:59:14 INFO  [restartedMain] com.zaxxer.hikari.HikariDataSource - HikariPool-1 - Start completed.
2026-05-19 16:59:14 INFO  [restartedMain] o.hibernate.orm.connections.pooling - HHH10001005: Database info:
	Database JDBC URL [Connecting through datasource 'HikariDataSource (HikariPool-1)']
	Database driver: undefined/unknown
	Database version: 16.13
	Autocommit mode: undefined/unknown
	Isolation level: undefined/unknown
	Minimum pool size: undefined/unknown
	Maximum pool size: undefined/unknown
2026-05-19 16:59:15 INFO  [restartedMain] o.h.e.t.j.p.i.JtaPlatformInitiator - HHH000489: No JTA platform available (set 'hibernate.transaction.jta.platform' to enable JTA platform integration)
2026-05-19 16:59:15 INFO  [restartedMain] o.s.o.j.LocalContainerEntityManagerFactoryBean - Initialized JPA EntityManagerFactory for persistence unit 'default'
2026-05-19 16:59:16 INFO  [restartedMain] o.s.d.j.r.query.QueryEnhancerFactory - Hibernate is in classpath; If applicable, HQL parser will be used.
2026-05-19 16:59:17 WARN  [restartedMain] o.s.b.a.o.j.JpaBaseConfiguration$JpaWebConfiguration - spring.jpa.open-in-view is enabled by default. Therefore, database queries may be performed during view rendering. Explicitly configure spring.jpa.open-in-view to disable this warning
2026-05-19 16:59:17 WARN  [restartedMain] o.s.b.a.s.s.UserDetailsServiceAutoConfiguration - 

Using generated security password: 4c09ad6a-bbd5-4017-94a9-4bba45506cb1

This generated password is for development use only. Your security configuration must be updated before running your application in production.

2026-05-19 16:59:17 INFO  [restartedMain] o.s.s.c.a.a.c.InitializeUserDetailsBeanManagerConfigurer$InitializeUserDetailsManagerConfigurer - Global AuthenticationManager configured with UserDetailsService bean with name inMemoryUserDetailsManager
2026-05-19 16:59:18 INFO  [restartedMain] o.s.b.d.a.OptionalLiveReloadServer - LiveReload server is running on port 35729
2026-05-19 16:59:18 INFO  [restartedMain] o.s.b.w.e.tomcat.TomcatWebServer - Tomcat started on port 8093 (http) with context path '/'
2026-05-19 16:59:18 INFO  [restartedMain] com.hub.backend.BackendApplication - Started BackendApplication in 6.735 seconds (process running for 7.477)
2026-05-19 16:59:18 DEBUG [restartedMain] org.hibernate.SQL - 
    select
        c1_0.id 
    from
        categories c1_0 
    where
        c1_0.code=? 
    fetch
        first ? rows only
2026-05-19 16:59:18 TRACE [restartedMain] org.hibernate.orm.jdbc.bind - binding parameter (1:VARCHAR) <- [TREND]
2026-05-19 16:59:18 TRACE [restartedMain] org.hibernate.orm.jdbc.bind - binding parameter (2:INTEGER) <- [1]
2026-05-19 16:59:18 DEBUG [restartedMain] org.hibernate.SQL - 
    select
        c1_0.id 
    from
        categories c1_0 
    where
        c1_0.code=? 
    fetch
        first ? rows only
2026-05-19 16:59:18 TRACE [restartedMain] org.hibernate.orm.jdbc.bind - binding parameter (1:VARCHAR) <- [DEV]
2026-05-19 16:59:18 TRACE [restartedMain] org.hibernate.orm.jdbc.bind - binding parameter (2:INTEGER) <- [1]
2026-05-19 16:59:18 DEBUG [restartedMain] org.hibernate.SQL - 
    select
        c1_0.id 
    from
        categories c1_0 
    where
        c1_0.code=? 
    fetch
        first ? rows only
2026-05-19 16:59:18 TRACE [restartedMain] org.hibernate.orm.jdbc.bind - binding parameter (1:VARCHAR) <- [AI]
2026-05-19 16:59:18 TRACE [restartedMain] org.hibernate.orm.jdbc.bind - binding parameter (2:INTEGER) <- [1]
2026-05-19 16:59:18 DEBUG [restartedMain] org.hibernate.SQL - 
    select
        c1_0.id 
    from
        categories c1_0 
    where
        c1_0.code=? 
    fetch
        first ? rows only
2026-05-19 16:59:18 TRACE [restartedMain] org.hibernate.orm.jdbc.bind - binding parameter (1:VARCHAR) <- [FREE]
2026-05-19 16:59:18 TRACE [restartedMain] org.hibernate.orm.jdbc.bind - binding parameter (2:INTEGER) <- [1]
2026-05-19 16:59:19 INFO  [RMI TCP Connection(2)-127.0.0.1] o.s.b.a.SpringApplicationAdminMXBeanRegistrar$SpringApplicationAdmin - Application shutdown requested.
2026-05-19 16:59:19 INFO  [RMI TCP Connection(2)-127.0.0.1] o.s.b.w.e.tomcat.GracefulShutdown - Commencing graceful shutdown. Waiting for active requests to complete
2026-05-19 16:59:20 INFO  [tomcat-shutdown] o.s.b.w.e.tomcat.GracefulShutdown - Graceful shutdown complete
2026-05-19 16:59:20 INFO  [RMI TCP Connection(2)-127.0.0.1] o.s.o.j.LocalContainerEntityManagerFactoryBean - Closing JPA EntityManagerFactory for persistence unit 'default'
2026-05-19 16:59:20 INFO  [RMI TCP Connection(2)-127.0.0.1] com.zaxxer.hikari.HikariDataSource - HikariPool-1 - Shutdown initiated...
2026-05-19 16:59:20 INFO  [RMI TCP Connection(2)-127.0.0.1] com.zaxxer.hikari.HikariDataSource - HikariPool-1 - Shutdown completed.
2026-05-19 16:59:23 INFO  [restartedMain] com.hub.backend.BackendApplication - Starting BackendApplication using Java 17.0.12 with PID 23848 (C:\infonowapp\backend\bin\main started by user in C:\infonowapp\backend)
2026-05-19 16:59:23 INFO  [restartedMain] com.hub.backend.BackendApplication - The following 1 profile is active: "dev"
2026-05-19 16:59:23 INFO  [restartedMain] o.s.b.d.e.DevToolsPropertyDefaultsPostProcessor - Devtools property defaults active! Set 'spring.devtools.add-properties' to 'false' to disable
2026-05-19 16:59:23 INFO  [restartedMain] o.s.b.d.e.DevToolsPropertyDefaultsPostProcessor - For additional web related logging consider setting the 'logging.level.web' property to 'DEBUG'
2026-05-19 16:59:25 INFO  [restartedMain] o.s.d.r.c.RepositoryConfigurationDelegate - Multiple Spring Data modules found, entering strict repository configuration mode
2026-05-19 16:59:25 INFO  [restartedMain] o.s.d.r.c.RepositoryConfigurationDelegate - Bootstrapping Spring Data JPA repositories in DEFAULT mode.
2026-05-19 16:59:25 INFO  [restartedMain] o.s.d.r.c.RepositoryConfigurationDelegate - Finished Spring Data repository scanning in 188 ms. Found 5 JPA repository interfaces.
2026-05-19 16:59:25 INFO  [restartedMain] o.s.d.r.c.RepositoryConfigurationDelegate - Multiple Spring Data modules found, entering strict repository configuration mode
2026-05-19 16:59:25 INFO  [restartedMain] o.s.d.r.c.RepositoryConfigurationDelegate - Bootstrapping Spring Data Redis repositories in DEFAULT mode.
2026-05-19 16:59:25 INFO  [restartedMain] o.s.d.r.c.RepositoryConfigurationExtensionSupport - Spring Data Redis - Could not safely identify store assignment for repository candidate interface com.hub.backend.repository.CategoryRepository; If you want this repository to be a Redis repository, consider annotating your entities with one of these annotations: org.springframework.data.redis.core.RedisHash (preferred), or consider extending one of the following types with your repository: org.springframework.data.keyvalue.repository.KeyValueRepository
2026-05-19 16:59:25 INFO  [restartedMain] o.s.d.r.c.RepositoryConfigurationExtensionSupport - Spring Data Redis - Could not safely identify store assignment for repository candidate interface com.hub.backend.repository.CommentRepository; If you want this repository to be a Redis repository, consider annotating your entities with one of these annotations: org.springframework.data.redis.core.RedisHash (preferred), or consider extending one of the following types with your repository: org.springframework.data.keyvalue.repository.KeyValueRepository
2026-05-19 16:59:25 INFO  [restartedMain] o.s.d.r.c.RepositoryConfigurationExtensionSupport - Spring Data Redis - Could not safely identify store assignment for repository candidate interface com.hub.backend.repository.InfoRepository; If you want this repository to be a Redis repository, consider annotating your entities with one of these annotations: org.springframework.data.redis.core.RedisHash (preferred), or consider extending one of the following types with your repository: org.springframework.data.keyvalue.repository.KeyValueRepository
2026-05-19 16:59:25 INFO  [restartedMain] o.s.d.r.c.RepositoryConfigurationExtensionSupport - Spring Data Redis - Could not safely identify store assignment for repository candidate interface com.hub.backend.repository.PostRepository; If you want this repository to be a Redis repository, consider annotating your entities with one of these annotations: org.springframework.data.redis.core.RedisHash (preferred), or consider extending one of the following types with your repository: org.springframework.data.keyvalue.repository.KeyValueRepository
2026-05-19 16:59:25 INFO  [restartedMain] o.s.d.r.c.RepositoryConfigurationExtensionSupport - Spring Data Redis - Could not safely identify store assignment for repository candidate interface com.hub.backend.repository.UserRepository; If you want this repository to be a Redis repository, consider annotating your entities with one of these annotations: org.springframework.data.redis.core.RedisHash (preferred), or consider extending one of the following types with your repository: org.springframework.data.keyvalue.repository.KeyValueRepository
2026-05-19 16:59:25 INFO  [restartedMain] o.s.d.r.c.RepositoryConfigurationDelegate - Finished Spring Data repository scanning in 14 ms. Found 0 Redis repository interfaces.
2026-05-19 16:59:26 INFO  [restartedMain] o.s.b.w.e.tomcat.TomcatWebServer - Tomcat initialized with port 8093 (http)
2026-05-19 16:59:26 INFO  [restartedMain] o.a.catalina.core.StandardService - Starting service [Tomcat]
2026-05-19 16:59:26 INFO  [restartedMain] o.a.catalina.core.StandardEngine - Starting Servlet engine: [Apache Tomcat/10.1.54]
2026-05-19 16:59:26 INFO  [restartedMain] o.a.c.c.C.[Tomcat].[localhost].[/] - Initializing Spring embedded WebApplicationContext
2026-05-19 16:59:26 INFO  [restartedMain] o.s.b.w.s.c.ServletWebServerApplicationContext - Root WebApplicationContext: initialization completed in 2508 ms
2026-05-19 16:59:26 INFO  [restartedMain] o.h.jpa.internal.util.LogHelper - HHH000204: Processing PersistenceUnitInfo [name: default]
2026-05-19 16:59:26 INFO  [restartedMain] org.hibernate.Version - HHH000412: Hibernate ORM core version 6.6.49.Final
2026-05-19 16:59:26 INFO  [restartedMain] o.h.c.i.RegionFactoryInitiator - HHH000026: Second-level cache disabled
2026-05-19 16:59:26 INFO  [restartedMain] o.s.o.j.p.SpringPersistenceUnitInfo - No LoadTimeWeaver setup: ignoring JPA class transformer
2026-05-19 16:59:26 INFO  [restartedMain] com.zaxxer.hikari.HikariDataSource - HikariPool-1 - Starting...
2026-05-19 16:59:27 INFO  [restartedMain] com.zaxxer.hikari.pool.HikariPool - HikariPool-1 - Added connection org.postgresql.jdbc.PgConnection@cc4bc8e
2026-05-19 16:59:27 INFO  [restartedMain] com.zaxxer.hikari.HikariDataSource - HikariPool-1 - Start completed.
2026-05-19 16:59:27 INFO  [restartedMain] o.hibernate.orm.connections.pooling - HHH10001005: Database info:
	Database JDBC URL [Connecting through datasource 'HikariDataSource (HikariPool-1)']
	Database driver: undefined/unknown
	Database version: 16.13
	Autocommit mode: undefined/unknown
	Isolation level: undefined/unknown
	Minimum pool size: undefined/unknown
	Maximum pool size: undefined/unknown
2026-05-19 16:59:28 INFO  [restartedMain] o.h.e.t.j.p.i.JtaPlatformInitiator - HHH000489: No JTA platform available (set 'hibernate.transaction.jta.platform' to enable JTA platform integration)
2026-05-19 16:59:28 INFO  [restartedMain] o.s.o.j.LocalContainerEntityManagerFactoryBean - Initialized JPA EntityManagerFactory for persistence unit 'default'
2026-05-19 16:59:29 INFO  [restartedMain] o.s.d.j.r.query.QueryEnhancerFactory - Hibernate is in classpath; If applicable, HQL parser will be used.
2026-05-19 16:59:30 WARN  [restartedMain] o.s.b.a.o.j.JpaBaseConfiguration$JpaWebConfiguration - spring.jpa.open-in-view is enabled by default. Therefore, database queries may be performed during view rendering. Explicitly configure spring.jpa.open-in-view to disable this warning
2026-05-19 16:59:30 WARN  [restartedMain] o.s.b.a.s.s.UserDetailsServiceAutoConfiguration - 

Using generated security password: 447dd9fa-4535-4e36-aec1-de19dec2da28

This generated password is for development use only. Your security configuration must be updated before running your application in production.

2026-05-19 16:59:30 INFO  [restartedMain] o.s.s.c.a.a.c.InitializeUserDetailsBeanManagerConfigurer$InitializeUserDetailsManagerConfigurer - Global AuthenticationManager configured with UserDetailsService bean with name inMemoryUserDetailsManager
2026-05-19 16:59:31 INFO  [restartedMain] o.s.b.d.a.OptionalLiveReloadServer - LiveReload server is running on port 35729
2026-05-19 16:59:31 INFO  [restartedMain] o.s.b.w.e.tomcat.TomcatWebServer - Tomcat started on port 8093 (http) with context path '/'
2026-05-19 16:59:31 INFO  [restartedMain] com.hub.backend.BackendApplication - Started BackendApplication in 8.247 seconds (process running for 9.06)
2026-05-19 16:59:31 DEBUG [restartedMain] org.hibernate.SQL - 
    select
        c1_0.id 
    from
        categories c1_0 
    where
        c1_0.code=? 
    fetch
        first ? rows only
2026-05-19 16:59:31 TRACE [restartedMain] org.hibernate.orm.jdbc.bind - binding parameter (1:VARCHAR) <- [TREND]
2026-05-19 16:59:31 TRACE [restartedMain] org.hibernate.orm.jdbc.bind - binding parameter (2:INTEGER) <- [1]
2026-05-19 16:59:31 DEBUG [restartedMain] org.hibernate.SQL - 
    select
        c1_0.id 
    from
        categories c1_0 
    where
        c1_0.code=? 
    fetch
        first ? rows only
2026-05-19 16:59:31 TRACE [restartedMain] org.hibernate.orm.jdbc.bind - binding parameter (1:VARCHAR) <- [DEV]
2026-05-19 16:59:31 TRACE [restartedMain] org.hibernate.orm.jdbc.bind - binding parameter (2:INTEGER) <- [1]
2026-05-19 16:59:31 DEBUG [restartedMain] org.hibernate.SQL - 
    select
        c1_0.id 
    from
        categories c1_0 
    where
        c1_0.code=? 
    fetch
        first ? rows only
2026-05-19 16:59:31 TRACE [restartedMain] org.hibernate.orm.jdbc.bind - binding parameter (1:VARCHAR) <- [AI]
2026-05-19 16:59:31 TRACE [restartedMain] org.hibernate.orm.jdbc.bind - binding parameter (2:INTEGER) <- [1]
2026-05-19 16:59:31 DEBUG [restartedMain] org.hibernate.SQL - 
    select
        c1_0.id 
    from
        categories c1_0 
    where
        c1_0.code=? 
    fetch
        first ? rows only
2026-05-19 16:59:31 TRACE [restartedMain] org.hibernate.orm.jdbc.bind - binding parameter (1:VARCHAR) <- [FREE]
2026-05-19 16:59:31 TRACE [restartedMain] org.hibernate.orm.jdbc.bind - binding parameter (2:INTEGER) <- [1]
2026-05-19 17:00:17 INFO  [http-nio-8093-exec-1] o.a.c.c.C.[Tomcat].[localhost].[/] - Initializing Spring DispatcherServlet 'dispatcherServlet'
2026-05-19 17:00:17 INFO  [http-nio-8093-exec-1] o.s.web.servlet.DispatcherServlet - Initializing Servlet 'dispatcherServlet'
2026-05-19 17:00:17 INFO  [http-nio-8093-exec-1] o.s.web.servlet.DispatcherServlet - Completed initialization in 3 ms
2026-05-19 17:00:18 DEBUG [http-nio-8093-exec-1] org.hibernate.SQL - 
    select
        u1_0.id 
    from
        users u1_0 
    where
        u1_0.email=? 
    fetch
        first ? rows only
2026-05-19 17:00:18 TRACE [http-nio-8093-exec-1] org.hibernate.orm.jdbc.bind - binding parameter (1:VARCHAR) <- [hello@world.com]
2026-05-19 17:00:18 TRACE [http-nio-8093-exec-1] org.hibernate.orm.jdbc.bind - binding parameter (2:INTEGER) <- [1]
2026-05-19 17:00:18 DEBUG [http-nio-8093-exec-1] org.hibernate.SQL - 
    select
        u1_0.id 
    from
        users u1_0 
    where
        u1_0.nickname=? 
    fetch
        first ? rows only
2026-05-19 17:00:18 TRACE [http-nio-8093-exec-1] org.hibernate.orm.jdbc.bind - binding parameter (1:VARCHAR) <- [헬로거누]
2026-05-19 17:00:18 TRACE [http-nio-8093-exec-1] org.hibernate.orm.jdbc.bind - binding parameter (2:INTEGER) <- [1]
2026-05-19 17:00:18 DEBUG [http-nio-8093-exec-1] org.hibernate.SQL - 
    insert 
    into
        users
        (created_at, email, nickname, password, role, updated_at) 
    values
        (?, ?, ?, ?, ?, ?)
2026-05-19 17:00:18 TRACE [http-nio-8093-exec-1] org.hibernate.orm.jdbc.bind - binding parameter (1:TIMESTAMP) <- [2026-05-19T17:00:18.653969]
2026-05-19 17:00:18 TRACE [http-nio-8093-exec-1] org.hibernate.orm.jdbc.bind - binding parameter (2:VARCHAR) <- [hello@world.com]
2026-05-19 17:00:18 TRACE [http-nio-8093-exec-1] org.hibernate.orm.jdbc.bind - binding parameter (3:VARCHAR) <- [헬로거누]
2026-05-19 17:00:18 TRACE [http-nio-8093-exec-1] org.hibernate.orm.jdbc.bind - binding parameter (4:VARCHAR) <- [$2a$10$6m438EzD7atjkq5Tsqz9.enm6BWqaj8MybvLysZTHkPWNebc0epmC]
2026-05-19 17:00:18 TRACE [http-nio-8093-exec-1] org.hibernate.orm.jdbc.bind - binding parameter (5:VARCHAR) <- [USER]
2026-05-19 17:00:18 TRACE [http-nio-8093-exec-1] org.hibernate.orm.jdbc.bind - binding parameter (6:TIMESTAMP) <- [2026-05-19T17:00:18.654970]
2026-05-19 17:00:25 DEBUG [http-nio-8093-exec-3] org.hibernate.SQL - 
    select
        u1_0.id,
        u1_0.created_at,
        u1_0.email,
        u1_0.nickname,
        u1_0.password,
        u1_0.role,
        u1_0.updated_at 
    from
        users u1_0 
    where
        u1_0.email=?
2026-05-19 17:00:25 TRACE [http-nio-8093-exec-3] org.hibernate.orm.jdbc.bind - binding parameter (1:VARCHAR) <- [hello@world.com]
2026-05-19 17:00:26 DEBUG [http-nio-8093-exec-4] org.hibernate.SQL - 
    select
        i1_0.id,
        i1_0.author_id,
        a1_0.id,
        a1_0.created_at,
        a1_0.email,
        a1_0.nickname,
        a1_0.password,
        a1_0.role,
        a1_0.updated_at,
        i1_0.body,
        i1_0.category,
        i1_0.created_at,
        i1_0.image_url,
        i1_0.summary,
        i1_0.title,
        i1_0.updated_at 
    from
        info i1_0 
    join
        users a1_0 
            on a1_0.id=i1_0.author_id 
    order by
        i1_0.created_at desc 
    fetch
        first ? rows only
2026-05-19 17:00:26 TRACE [http-nio-8093-exec-4] org.hibernate.orm.jdbc.bind - binding parameter (1:INTEGER) <- [24]
2026-05-19 17:02:23 DEBUG [http-nio-8093-exec-8] org.hibernate.SQL - 
    select
        u1_0.id,
        u1_0.created_at,
        u1_0.email,
        u1_0.nickname,
        u1_0.password,
        u1_0.role,
        u1_0.updated_at 
    from
        users u1_0 
    where
        u1_0.id=?
2026-05-19 17:02:23 TRACE [http-nio-8093-exec-8] org.hibernate.orm.jdbc.bind - binding parameter (1:BIGINT) <- [2]
2026-05-19 17:02:23 DEBUG [http-nio-8093-exec-8] org.hibernate.SQL - 
    insert 
    into
        info
        (author_id, body, category, created_at, image_url, summary, title, updated_at) 
    values
        (?, ?, ?, ?, ?, ?, ?, ?)
2026-05-19 17:02:23 TRACE [http-nio-8093-exec-8] org.hibernate.orm.jdbc.bind - binding parameter (1:BIGINT) <- [2]
2026-05-19 17:02:23 TRACE [http-nio-8093-exec-8] org.hibernate.orm.jdbc.bind - binding parameter (2:CLOB) <- [![유키노시타](file:///C:/Users/user/Desktop/%E3%85%82%E3%85%8C%E3%85%8E%E3%85%81/%EA%B3%B5%EB%B6%80%EB%AA%A8%EC%9D%8C/img/legs1.png)

허벅지 핥핥]
2026-05-19 17:02:23 TRACE [http-nio-8093-exec-8] org.hibernate.orm.jdbc.bind - binding parameter (3:VARCHAR) <- [FREE]
2026-05-19 17:02:23 TRACE [http-nio-8093-exec-8] org.hibernate.orm.jdbc.bind - binding parameter (4:TIMESTAMP) <- [null]
2026-05-19 17:02:23 TRACE [http-nio-8093-exec-8] org.hibernate.orm.jdbc.bind - binding parameter (5:VARCHAR) <- [http://localhost:8093/images/2026/05/24e5847a-023b-410a-9ae5-9d2a5138fe2c.jpg]
2026-05-19 17:02:23 TRACE [http-nio-8093-exec-8] org.hibernate.orm.jdbc.bind - binding parameter (6:VARCHAR) <- [null]
2026-05-19 17:02:23 TRACE [http-nio-8093-exec-8] org.hibernate.orm.jdbc.bind - binding parameter (7:VARCHAR) <- [유키노시타 허벅지 핥핥]
2026-05-19 17:02:23 TRACE [http-nio-8093-exec-8] org.hibernate.orm.jdbc.bind - binding parameter (8:TIMESTAMP) <- [null]
2026-05-19 17:02:23 WARN  [http-nio-8093-exec-8] o.h.e.jdbc.spi.SqlExceptionHelper - SQL Error: 0, SQLState: 23502
2026-05-19 17:02:23 ERROR [http-nio-8093-exec-8] o.h.e.jdbc.spi.SqlExceptionHelper - ERROR: null value in column "created_at" of relation "info" violates not-null constraint
  Detail: Failing row contains (1, 16493, FREE, null, http://localhost:8093/images/2026/05/24e5847a-023b-410a-9ae5-9d2..., null, 유키노시타 허벅지 핥핥, null, 2).
2026-05-19 17:02:23 ERROR [http-nio-8093-exec-8] c.h.b.e.GlobalExceptionHandler - Unhanled
org.springframework.dao.DataIntegrityViolationException: could not execute statement [ERROR: null value in column "created_at" of relation "info" violates not-null constraint
  Detail: Failing row contains (1, 16493, FREE, null, http://localhost:8093/images/2026/05/24e5847a-023b-410a-9ae5-9d2..., null, 유키노시타 허벅지 핥핥, null, 2).] [insert into info (author_id,body,category,created_at,image_url,summary,title,updated_at) values (?,?,?,?,?,?,?,?)]; SQL [insert into info (author_id,body,category,created_at,image_url,summary,title,updated_at) values (?,?,?,?,?,?,?,?)]; constraint [created_at" of relation "info]
	at org.springframework.orm.jpa.vendor.HibernateJpaDialect.convertHibernateAccessException(HibernateJpaDialect.java:294)
	at org.springframework.orm.jpa.vendor.HibernateJpaDialect.convertHibernateAccessException(HibernateJpaDialect.java:256)
	at org.springframework.orm.jpa.vendor.HibernateJpaDialect.translateExceptionIfPossible(HibernateJpaDialect.java:241)
	at org.springframework.orm.jpa.AbstractEntityManagerFactoryBean.translateExceptionIfPossible(AbstractEntityManagerFactoryBean.java:560)
	at org.springframework.dao.support.ChainedPersistenceExceptionTranslator.translateExceptionIfPossible(ChainedPersistenceExceptionTranslator.java:61)
	at org.springframework.dao.support.DataAccessUtils.translateIfNecessary(DataAccessUtils.java:343)
	at org.springframework.dao.support.PersistenceExceptionTranslationInterceptor.invoke(PersistenceExceptionTranslationInterceptor.java:160)
	at org.springframework.aop.framework.ReflectiveMethodInvocation.proceed(ReflectiveMethodInvocation.java:184)
	at org.springframework.data.jpa.repository.support.CrudMethodMetadataPostProcessor$CrudMethodMetadataPopulatingMethodInterceptor.invoke(CrudMethodMetadataPostProcessor.java:165)
	at org.springframework.aop.framework.ReflectiveMethodInvocation.proceed(ReflectiveMethodInvocation.java:184)
	at org.springframework.aop.framework.JdkDynamicAopProxy.invoke(JdkDynamicAopProxy.java:223)
	at jdk.proxy4/jdk.proxy4.$Proxy170.save(Unknown Source)
	at com.hub.backend.service.InfoService.create(InfoService.java:62)
	at java.base/jdk.internal.reflect.NativeMethodAccessorImpl.invoke0(Native Method)
	at java.base/jdk.internal.reflect.NativeMethodAccessorImpl.invoke(NativeMethodAccessorImpl.java:77)
	at java.base/jdk.internal.reflect.DelegatingMethodAccessorImpl.invoke(DelegatingMethodAccessorImpl.java:43)
	at java.base/java.lang.reflect.Method.invoke(Method.java:568)
	at org.springframework.aop.support.AopUtils.invokeJoinpointUsingReflection(AopUtils.java:360)
	at org.springframework.aop.framework.ReflectiveMethodInvocation.invokeJoinpoint(ReflectiveMethodInvocation.java:196)
	at org.springframework.aop.framework.ReflectiveMethodInvocation.proceed(ReflectiveMethodInvocation.java:163)
	at org.springframework.transaction.interceptor.TransactionAspectSupport.invokeWithinTransaction(TransactionAspectSupport.java:380)
	at org.springframework.transaction.interceptor.TransactionInterceptor.invoke(TransactionInterceptor.java:119)
	at org.springframework.aop.framework.ReflectiveMethodInvocation.proceed(ReflectiveMethodInvocation.java:184)
	at org.springframework.aop.framework.CglibAopProxy$DynamicAdvisedInterceptor.intercept(CglibAopProxy.java:728)
	at com.hub.backend.service.InfoService$$SpringCGLIB$$0.create(<generated>)
	at com.hub.backend.controller.InfoController.create(InfoController.java:53)
	at java.base/jdk.internal.reflect.NativeMethodAccessorImpl.invoke0(Native Method)
	at java.base/jdk.internal.reflect.NativeMethodAccessorImpl.invoke(NativeMethodAccessorImpl.java:77)
	at java.base/jdk.internal.reflect.DelegatingMethodAccessorImpl.invoke(DelegatingMethodAccessorImpl.java:43)
	at java.base/java.lang.reflect.Method.invoke(Method.java:568)
	at org.springframework.web.method.support.InvocableHandlerMethod.doInvoke(InvocableHandlerMethod.java:258)
	at org.springframework.web.method.support.InvocableHandlerMethod.invokeForRequest(InvocableHandlerMethod.java:191)
	at org.springframework.web.servlet.mvc.method.annotation.ServletInvocableHandlerMethod.invokeAndHandle(ServletInvocableHandlerMethod.java:118)
	at org.springframework.web.servlet.mvc.method.annotation.RequestMappingHandlerAdapter.invokeHandlerMethod(RequestMappingHandlerAdapter.java:991)
	at org.springframework.web.servlet.mvc.method.annotation.RequestMappingHandlerAdapter.handleInternal(RequestMappingHandlerAdapter.java:896)
	at org.springframework.web.servlet.mvc.method.AbstractHandlerMethodAdapter.handle(AbstractHandlerMethodAdapter.java:87)
	at org.springframework.web.servlet.DispatcherServlet.doDispatch(DispatcherServlet.java:1089)
	at org.springframework.web.servlet.DispatcherServlet.doService(DispatcherServlet.java:979)
	at org.springframework.web.servlet.FrameworkServlet.processRequest(FrameworkServlet.java:1014)
	at org.springframework.web.servlet.FrameworkServlet.doPost(FrameworkServlet.java:914)
	at jakarta.servlet.http.HttpServlet.service(HttpServlet.java:590)
	at org.springframework.web.servlet.FrameworkServlet.service(FrameworkServlet.java:885)
	at jakarta.servlet.http.HttpServlet.service(HttpServlet.java:658)
	at org.apache.catalina.core.ApplicationFilterChain.internalDoFilter(ApplicationFilterChain.java:193)
	at org.apache.catalina.core.ApplicationFilterChain.doFilter(ApplicationFilterChain.java:138)
	at org.apache.tomcat.websocket.server.WsFilter.doFilter(WsFilter.java:51)
	at org.apache.catalina.core.ApplicationFilterChain.internalDoFilter(ApplicationFilterChain.java:162)
	at org.apache.catalina.core.ApplicationFilterChain.doFilter(ApplicationFilterChain.java:138)
	at org.springframework.web.filter.OncePerRequestFilter.doFilter(OncePerRequestFilter.java:110)
	at org.apache.catalina.core.ApplicationFilterChain.internalDoFilter(ApplicationFilterChain.java:162)
	at org.apache.catalina.core.ApplicationFilterChain.doFilter(ApplicationFilterChain.java:138)
	at org.springframework.web.filter.CompositeFilter$VirtualFilterChain.doFilter(CompositeFilter.java:108)
	at org.springframework.web.filter.CompositeFilter$VirtualFilterChain.doFilter(CompositeFilter.java:108)
	at org.springframework.security.web.FilterChainProxy.lambda$doFilterInternal$3(FilterChainProxy.java:231)
	at org.springframework.security.web.FilterChainProxy$VirtualFilterChain.doFilter(FilterChainProxy.java:370)
	at org.springframework.security.web.access.intercept.AuthorizationFilter.doFilter(AuthorizationFilter.java:101)
	at org.springframework.security.web.FilterChainProxy$VirtualFilterChain.doFilter(FilterChainProxy.java:379)
	at org.springframework.security.web.access.ExceptionTranslationFilter.doFilter(ExceptionTranslationFilter.java:125)
	at org.springframework.security.web.access.ExceptionTranslationFilter.doFilter(ExceptionTranslationFilter.java:119)
	at org.springframework.security.web.FilterChainProxy$VirtualFilterChain.doFilter(FilterChainProxy.java:379)
	at org.springframework.security.web.session.SessionManagementFilter.doFilter(SessionManagementFilter.java:131)
	at org.springframework.security.web.session.SessionManagementFilter.doFilter(SessionManagementFilter.java:85)
	at org.springframework.security.web.FilterChainProxy$VirtualFilterChain.doFilter(FilterChainProxy.java:379)
	at org.springframework.security.web.authentication.AnonymousAuthenticationFilter.doFilter(AnonymousAuthenticationFilter.java:100)
	at org.springframework.security.web.FilterChainProxy$VirtualFilterChain.doFilter(FilterChainProxy.java:379)
	at org.springframework.security.web.servletapi.SecurityContextHolderAwareRequestFilter.doFilter(SecurityContextHolderAwareRequestFilter.java:179)
	at org.springframework.security.web.FilterChainProxy$VirtualFilterChain.doFilter(FilterChainProxy.java:379)
	at org.springframework.security.web.savedrequest.RequestCacheAwareFilter.doFilter(RequestCacheAwareFilter.java:63)
	at org.springframework.security.web.FilterChainProxy$VirtualFilterChain.doFilter(FilterChainProxy.java:379)
	at com.hub.backend.security.JwtAuthenticationFilter.doFilterInternal(JwtAuthenticationFilter.java:56)
	at org.springframework.web.filter.OncePerRequestFilter.doFilter(OncePerRequestFilter.java:116)
	at org.springframework.security.web.FilterChainProxy$VirtualFilterChain.doFilter(FilterChainProxy.java:379)
	at org.springframework.security.web.authentication.logout.LogoutFilter.doFilter(LogoutFilter.java:107)
	at org.springframework.security.web.authentication.logout.LogoutFilter.doFilter(LogoutFilter.java:93)
	at org.springframework.security.web.FilterChainProxy$VirtualFilterChain.doFilter(FilterChainProxy.java:379)
	at org.springframework.web.filter.CorsFilter.doFilterInternal(CorsFilter.java:91)
	at org.springframework.web.filter.OncePerRequestFilter.doFilter(OncePerRequestFilter.java:116)
	at org.springframework.security.web.FilterChainProxy$VirtualFilterChain.doFilter(FilterChainProxy.java:379)
	at org.springframework.security.web.header.HeaderWriterFilter.doHeadersAfter(HeaderWriterFilter.java:90)
	at org.springframework.security.web.header.HeaderWriterFilter.doFilterInternal(HeaderWriterFilter.java:75)
	at org.springframework.web.filter.OncePerRequestFilter.doFilter(OncePerRequestFilter.java:116)
	at org.springframework.security.web.FilterChainProxy$VirtualFilterChain.doFilter(FilterChainProxy.java:379)
	at org.springframework.security.web.context.SecurityContextHolderFilter.doFilter(SecurityContextHolderFilter.java:82)
	at org.springframework.security.web.context.SecurityContextHolderFilter.doFilter(SecurityContextHolderFilter.java:69)
	at org.springframework.security.web.FilterChainProxy$VirtualFilterChain.doFilter(FilterChainProxy.java:379)
	at org.springframework.security.web.context.request.async.WebAsyncManagerIntegrationFilter.doFilterInternal(WebAsyncManagerIntegrationFilter.java:62)
	at org.springframework.web.filter.OncePerRequestFilter.doFilter(OncePerRequestFilter.java:116)
	at org.springframework.security.web.FilterChainProxy$VirtualFilterChain.doFilter(FilterChainProxy.java:379)
	at org.springframework.security.web.session.DisableEncodeUrlFilter.doFilterInternal(DisableEncodeUrlFilter.java:42)
	at org.springframework.web.filter.OncePerRequestFilter.doFilter(OncePerRequestFilter.java:116)
	at org.springframework.security.web.FilterChainProxy$VirtualFilterChain.doFilter(FilterChainProxy.java:379)
	at org.springframework.security.web.FilterChainProxy.doFilterInternal(FilterChainProxy.java:233)
	at org.springframework.security.web.FilterChainProxy.doFilter(FilterChainProxy.java:191)
	at org.springframework.web.filter.CompositeFilter$VirtualFilterChain.doFilter(CompositeFilter.java:113)
	at org.springframework.web.filter.ServletRequestPathFilter.doFilter(ServletRequestPathFilter.java:52)
	at org.springframework.web.filter.CompositeFilter$VirtualFilterChain.doFilter(CompositeFilter.java:113)
	at org.springframework.web.filter.CompositeFilter.doFilter(CompositeFilter.java:74)
	at org.springframework.security.config.annotation.web.configuration.WebSecurityConfiguration$CompositeFilterChainProxy.doFilter(WebSecurityConfiguration.java:319)
	at org.springframework.web.filter.CompositeFilter$VirtualFilterChain.doFilter(CompositeFilter.java:113)
	at org.springframework.web.servlet.handler.HandlerMappingIntrospector.lambda$createCacheFilter$4(HandlerMappingIntrospector.java:267)
	at org.springframework.web.filter.CompositeFilter$VirtualFilterChain.doFilter(CompositeFilter.java:113)
	at org.springframework.web.filter.CompositeFilter.doFilter(CompositeFilter.java:74)
	at org.springframework.security.config.annotation.web.configuration.WebMvcSecurityConfiguration$CompositeFilterChainProxy.doFilter(WebMvcSecurityConfiguration.java:240)
	at org.springframework.web.filter.DelegatingFilterProxy.invokeDelegate(DelegatingFilterProxy.java:362)
	at org.springframework.web.filter.DelegatingFilterProxy.doFilter(DelegatingFilterProxy.java:278)
	at org.apache.catalina.core.ApplicationFilterChain.internalDoFilter(ApplicationFilterChain.java:162)
	at org.apache.catalina.core.ApplicationFilterChain.doFilter(ApplicationFilterChain.java:138)
	at org.springframework.web.filter.RequestContextFilter.doFilterInternal(RequestContextFilter.java:100)
	at org.springframework.web.filter.OncePerRequestFilter.doFilter(OncePerRequestFilter.java:116)
	at org.apache.catalina.core.ApplicationFilterChain.internalDoFilter(ApplicationFilterChain.java:162)
	at org.apache.catalina.core.ApplicationFilterChain.doFilter(ApplicationFilterChain.java:138)
	at org.springframework.web.filter.FormContentFilter.doFilterInternal(FormContentFilter.java:93)
	at org.springframework.web.filter.OncePerRequestFilter.doFilter(OncePerRequestFilter.java:116)
	at org.apache.catalina.core.ApplicationFilterChain.internalDoFilter(ApplicationFilterChain.java:162)
	at org.apache.catalina.core.ApplicationFilterChain.doFilter(ApplicationFilterChain.java:138)
	at org.springframework.web.filter.CharacterEncodingFilter.doFilterInternal(CharacterEncodingFilter.java:201)
	at org.springframework.web.filter.OncePerRequestFilter.doFilter(OncePerRequestFilter.java:116)
	at org.apache.catalina.core.ApplicationFilterChain.internalDoFilter(ApplicationFilterChain.java:162)
	at org.apache.catalina.core.ApplicationFilterChain.doFilter(ApplicationFilterChain.java:138)
	at org.apache.catalina.core.StandardWrapperValve.invoke(StandardWrapperValve.java:165)
	at org.apache.catalina.core.StandardContextValve.invoke(StandardContextValve.java:88)
	at org.apache.catalina.authenticator.AuthenticatorBase.invoke(AuthenticatorBase.java:492)
	at org.apache.catalina.core.StandardHostValve.invoke(StandardHostValve.java:113)
	at org.apache.catalina.valves.ErrorReportValve.invoke(ErrorReportValve.java:83)
	at org.apache.catalina.core.StandardEngineValve.invoke(StandardEngineValve.java:72)
	at org.apache.catalina.connector.CoyoteAdapter.service(CoyoteAdapter.java:342)
	at org.apache.coyote.http11.Http11Processor.service(Http11Processor.java:399)
	at org.apache.coyote.AbstractProcessorLight.process(AbstractProcessorLight.java:63)
	at org.apache.coyote.AbstractProtocol$ConnectionHandler.process(AbstractProtocol.java:903)
	at org.apache.tomcat.util.net.NioEndpoint$SocketProcessor.doRun(NioEndpoint.java:1797)
	at org.apache.tomcat.util.net.SocketProcessorBase.run(SocketProcessorBase.java:52)
	at org.apache.tomcat.util.threads.ThreadPoolExecutor.runWorker(ThreadPoolExecutor.java:973)
	at org.apache.tomcat.util.threads.ThreadPoolExecutor$Worker.run(ThreadPoolExecutor.java:491)
	at org.apache.tomcat.util.threads.TaskThread$WrappingRunnable.run(TaskThread.java:63)
	at java.base/java.lang.Thread.run(Thread.java:842)
Caused by: org.hibernate.exception.ConstraintViolationException: could not execute statement [ERROR: null value in column "created_at" of relation "info" violates not-null constraint
  Detail: Failing row contains (1, 16493, FREE, null, http://localhost:8093/images/2026/05/24e5847a-023b-410a-9ae5-9d2..., null, 유키노시타 허벅지 핥핥, null, 2).] [insert into info (author_id,body,category,created_at,image_url,summary,title,updated_at) values (?,?,?,?,?,?,?,?)]
	at org.hibernate.exception.internal.SQLStateConversionDelegate.convert(SQLStateConversionDelegate.java:97)
	at org.hibernate.exception.internal.StandardSQLExceptionConverter.convert(StandardSQLExceptionConverter.java:58)
	at org.hibernate.engine.jdbc.spi.SqlExceptionHelper.convert(SqlExceptionHelper.java:108)
	at org.hibernate.engine.jdbc.internal.ResultSetReturnImpl.executeUpdate(ResultSetReturnImpl.java:197)
	at org.hibernate.id.insert.GetGeneratedKeysDelegate.performMutation(GetGeneratedKeysDelegate.java:116)
	at org.hibernate.engine.jdbc.mutation.internal.MutationExecutorSingleNonBatched.performNonBatchedOperations(MutationExecutorSingleNonBatched.java:47)
	at org.hibernate.engine.jdbc.mutation.internal.AbstractMutationExecutor.execute(AbstractMutationExecutor.java:55)
	at org.hibernate.persister.entity.mutation.InsertCoordinatorStandard.doStaticInserts(InsertCoordinatorStandard.java:194)
	at org.hibernate.persister.entity.mutation.InsertCoordinatorStandard.coordinateInsert(InsertCoordinatorStandard.java:132)
	at org.hibernate.persister.entity.mutation.InsertCoordinatorStandard.insert(InsertCoordinatorStandard.java:95)
	at org.hibernate.action.internal.EntityIdentityInsertAction.execute(EntityIdentityInsertAction.java:85)
	at org.hibernate.engine.spi.ActionQueue.execute(ActionQueue.java:682)
	at org.hibernate.engine.spi.ActionQueue.addResolvedEntityInsertAction(ActionQueue.java:293)
	at org.hibernate.engine.spi.ActionQueue.addInsertAction(ActionQueue.java:274)
	at org.hibernate.engine.spi.ActionQueue.addAction(ActionQueue.java:324)
	at org.hibernate.event.internal.AbstractSaveEventListener.addInsertAction(AbstractSaveEventListener.java:394)
	at org.hibernate.event.internal.AbstractSaveEventListener.performSaveOrReplicate(AbstractSaveEventListener.java:308)
	at org.hibernate.event.internal.AbstractSaveEventListener.performSave(AbstractSaveEventListener.java:224)
	at org.hibernate.event.internal.AbstractSaveEventListener.saveWithGeneratedId(AbstractSaveEventListener.java:136)
	at org.hibernate.event.internal.DefaultPersistEventListener.entityIsTransient(DefaultPersistEventListener.java:177)
	at org.hibernate.event.internal.DefaultPersistEventListener.persist(DefaultPersistEventListener.java:95)
	at org.hibernate.event.internal.DefaultPersistEventListener.onPersist(DefaultPersistEventListener.java:79)
	at org.hibernate.event.internal.DefaultPersistEventListener.onPersist(DefaultPersistEventListener.java:55)
	at org.hibernate.event.service.internal.EventListenerGroupImpl.fireEventOnEachListener(EventListenerGroupImpl.java:127)
	at org.hibernate.internal.SessionImpl.firePersist(SessionImpl.java:761)
	at org.hibernate.internal.SessionImpl.persist(SessionImpl.java:745)
	at java.base/jdk.internal.reflect.NativeMethodAccessorImpl.invoke0(Native Method)
	at java.base/jdk.internal.reflect.NativeMethodAccessorImpl.invoke(NativeMethodAccessorImpl.java:77)
	at java.base/jdk.internal.reflect.DelegatingMethodAccessorImpl.invoke(DelegatingMethodAccessorImpl.java:43)
	at java.base/java.lang.reflect.Method.invoke(Method.java:568)
	at org.springframework.orm.jpa.ExtendedEntityManagerCreator$ExtendedEntityManagerInvocationHandler.invoke(ExtendedEntityManagerCreator.java:364)
	at jdk.proxy4/jdk.proxy4.$Proxy152.persist(Unknown Source)
	at java.base/jdk.internal.reflect.NativeMethodAccessorImpl.invoke0(Native Method)
	at java.base/jdk.internal.reflect.NativeMethodAccessorImpl.invoke(NativeMethodAccessorImpl.java:77)
	at java.base/jdk.internal.reflect.DelegatingMethodAccessorImpl.invoke(DelegatingMethodAccessorImpl.java:43)
	at java.base/java.lang.reflect.Method.invoke(Method.java:568)
	at org.springframework.orm.jpa.SharedEntityManagerCreator$SharedEntityManagerInvocationHandler.invoke(SharedEntityManagerCreator.java:320)
	at jdk.proxy4/jdk.proxy4.$Proxy152.persist(Unknown Source)
	at org.springframework.data.jpa.repository.support.SimpleJpaRepository.save(SimpleJpaRepository.java:654)
	at java.base/jdk.internal.reflect.NativeMethodAccessorImpl.invoke0(Native Method)
	at java.base/jdk.internal.reflect.NativeMethodAccessorImpl.invoke(NativeMethodAccessorImpl.java:77)
	at java.base/jdk.internal.reflect.DelegatingMethodAccessorImpl.invoke(DelegatingMethodAccessorImpl.java:43)
	at java.base/java.lang.reflect.Method.invoke(Method.java:568)
	at org.springframework.aop.support.AopUtils.invokeJoinpointUsingReflection(AopUtils.java:360)
	at org.springframework.data.repository.core.support.RepositoryMethodInvoker$RepositoryFragmentMethodInvoker.lambda$new$0(RepositoryMethodInvoker.java:277)
	at org.springframework.data.repository.core.support.RepositoryMethodInvoker.doInvoke(RepositoryMethodInvoker.java:170)
	at org.springframework.data.repository.core.support.RepositoryMethodInvoker.invoke(RepositoryMethodInvoker.java:158)
	at org.springframework.data.repository.core.support.RepositoryComposition$RepositoryFragments.invoke(RepositoryComposition.java:515)
	at org.springframework.data.repository.core.support.RepositoryComposition.invoke(RepositoryComposition.java:284)
	at org.springframework.data.repository.core.support.RepositoryFactorySupport$ImplementationMethodExecutionInterceptor.invoke(RepositoryFactorySupport.java:720)
	at org.springframework.aop.framework.ReflectiveMethodInvocation.proceed(ReflectiveMethodInvocation.java:184)
	at org.springframework.data.repository.core.support.QueryExecutorMethodInterceptor.doInvoke(QueryExecutorMethodInterceptor.java:174)
	at org.springframework.data.repository.core.support.QueryExecutorMethodInterceptor.invoke(QueryExecutorMethodInterceptor.java:149)
	at org.springframework.aop.framework.ReflectiveMethodInvocation.proceed(ReflectiveMethodInvocation.java:184)
	at org.springframework.data.projection.DefaultMethodInvokingMethodInterceptor.invoke(DefaultMethodInvokingMethodInterceptor.java:69)
	at org.springframework.aop.framework.ReflectiveMethodInvocation.proceed(ReflectiveMethodInvocation.java:184)
	at org.springframework.transaction.interceptor.TransactionAspectSupport.invokeWithinTransaction(TransactionAspectSupport.java:380)
	at org.springframework.transaction.interceptor.TransactionInterceptor.invoke(TransactionInterceptor.java:119)
	at org.springframework.aop.framework.ReflectiveMethodInvocation.proceed(ReflectiveMethodInvocation.java:184)
	at org.springframework.dao.support.PersistenceExceptionTranslationInterceptor.invoke(PersistenceExceptionTranslationInterceptor.java:138)
	... 128 common frames omitted
Caused by: org.postgresql.util.PSQLException: ERROR: null value in column "created_at" of relation "info" violates not-null constraint
  Detail: Failing row contains (1, 16493, FREE, null, http://localhost:8093/images/2026/05/24e5847a-023b-410a-9ae5-9d2..., null, 유키노시타 허벅지 핥핥, null, 2).
	at org.postgresql.core.v3.QueryExecutorImpl.receiveErrorResponse(QueryExecutorImpl.java:2875)
	at org.postgresql.core.v3.QueryExecutorImpl.processResults(QueryExecutorImpl.java:2560)
	at org.postgresql.core.v3.QueryExecutorImpl.execute(QueryExecutorImpl.java:429)
	at org.postgresql.jdbc.PgStatement.executeInternal(PgStatement.java:526)
	at org.postgresql.jdbc.PgStatement.execute(PgStatement.java:436)
	at org.postgresql.jdbc.PgPreparedStatement.executeWithFlags(PgPreparedStatement.java:196)
	at org.postgresql.jdbc.PgPreparedStatement.executeUpdate(PgPreparedStatement.java:157)
	at com.zaxxer.hikari.pool.ProxyPreparedStatement.executeUpdate(ProxyPreparedStatement.java:61)
	at com.zaxxer.hikari.pool.HikariProxyPreparedStatement.executeUpdate(HikariProxyPreparedStatement.java)
	at org.hibernate.engine.jdbc.internal.ResultSetReturnImpl.executeUpdate(ResultSetReturnImpl.java:194)
	... 184 common frames omitted
2026-05-19 17:02:23 WARN  [http-nio-8093-exec-8] o.s.w.s.m.m.a.ExceptionHandlerExceptionResolver - Resolved [org.springframework.dao.DataIntegrityViolationException: could not execute statement [ERROR: null value in column "created_at" of relation "info" violates not-null constraint<EOL>  Detail: Failing row contains (1, 16493, FREE, null, http://localhost:8093/images/2026/05/24e5847a-023b-410a-9ae5-9d2..., null, 유키노시타 허벅지 핥핥, null, 2).] [insert into info (author_id,body,category,created_at,image_url,summary,title,updated_at) values (?,?,?,?,?,?,?,?)]; SQL [insert into info (author_id,body,category,created_at,image_url,summary,title,updated_at) values (?,?,?,?,?,?,?,?)]; constraint [created_at" of relation "info]]
2026-05-19 17:02:40 DEBUG [http-nio-8093-exec-5] org.hibernate.SQL - 
    select
        u1_0.id,
        u1_0.created_at,
        u1_0.email,
        u1_0.nickname,
        u1_0.password,
        u1_0.role,
        u1_0.updated_at 
    from
        users u1_0 
    where
        u1_0.id=?
2026-05-19 17:02:40 TRACE [http-nio-8093-exec-5] org.hibernate.orm.jdbc.bind - binding parameter (1:BIGINT) <- [2]
2026-05-19 17:02:40 DEBUG [http-nio-8093-exec-5] org.hibernate.SQL - 
    insert 
    into
        info
        (author_id, body, category, created_at, image_url, summary, title, updated_at) 
    values
        (?, ?, ?, ?, ?, ?, ?, ?)
2026-05-19 17:02:40 TRACE [http-nio-8093-exec-5] org.hibernate.orm.jdbc.bind - binding parameter (1:BIGINT) <- [2]
2026-05-19 17:02:40 TRACE [http-nio-8093-exec-5] org.hibernate.orm.jdbc.bind - binding parameter (2:CLOB) <- [

허벅지 핥핥]
2026-05-19 17:02:40 TRACE [http-nio-8093-exec-5] org.hibernate.orm.jdbc.bind - binding parameter (3:VARCHAR) <- [FREE]
2026-05-19 17:02:40 TRACE [http-nio-8093-exec-5] org.hibernate.orm.jdbc.bind - binding parameter (4:TIMESTAMP) <- [null]
2026-05-19 17:02:40 TRACE [http-nio-8093-exec-5] org.hibernate.orm.jdbc.bind - binding parameter (5:VARCHAR) <- [http://localhost:8093/images/2026/05/24e5847a-023b-410a-9ae5-9d2a5138fe2c.jpg]
2026-05-19 17:02:40 TRACE [http-nio-8093-exec-5] org.hibernate.orm.jdbc.bind - binding parameter (6:VARCHAR) <- [null]
2026-05-19 17:02:40 TRACE [http-nio-8093-exec-5] org.hibernate.orm.jdbc.bind - binding parameter (7:VARCHAR) <- [유키노시타 허벅지 핥핥]
2026-05-19 17:02:40 TRACE [http-nio-8093-exec-5] org.hibernate.orm.jdbc.bind - binding parameter (8:TIMESTAMP) <- [null]
2026-05-19 17:02:40 WARN  [http-nio-8093-exec-5] o.h.e.jdbc.spi.SqlExceptionHelper - SQL Error: 0, SQLState: 23502
2026-05-19 17:02:40 ERROR [http-nio-8093-exec-5] o.h.e.jdbc.spi.SqlExceptionHelper - ERROR: null value in column "created_at" of relation "info" violates not-null constraint
  Detail: Failing row contains (2, 16494, FREE, null, http://localhost:8093/images/2026/05/24e5847a-023b-410a-9ae5-9d2..., null, 유키노시타 허벅지 핥핥, null, 2).
2026-05-19 17:02:40 ERROR [http-nio-8093-exec-5] c.h.b.e.GlobalExceptionHandler - Unhanled
org.springframework.dao.DataIntegrityViolationException: could not execute statement [ERROR: null value in column "created_at" of relation "info" violates not-null constraint
  Detail: Failing row contains (2, 16494, FREE, null, http://localhost:8093/images/2026/05/24e5847a-023b-410a-9ae5-9d2..., null, 유키노시타 허벅지 핥핥, null, 2).] [insert into info (author_id,body,category,created_at,image_url,summary,title,updated_at) values (?,?,?,?,?,?,?,?)]; SQL [insert into info (author_id,body,category,created_at,image_url,summary,title,updated_at) values (?,?,?,?,?,?,?,?)]; constraint [created_at" of relation "info]
	at org.springframework.orm.jpa.vendor.HibernateJpaDialect.convertHibernateAccessException(HibernateJpaDialect.java:294)
	at org.springframework.orm.jpa.vendor.HibernateJpaDialect.convertHibernateAccessException(HibernateJpaDialect.java:256)
	at org.springframework.orm.jpa.vendor.HibernateJpaDialect.translateExceptionIfPossible(HibernateJpaDialect.java:241)
	at org.springframework.orm.jpa.AbstractEntityManagerFactoryBean.translateExceptionIfPossible(AbstractEntityManagerFactoryBean.java:560)
	at org.springframework.dao.support.ChainedPersistenceExceptionTranslator.translateExceptionIfPossible(ChainedPersistenceExceptionTranslator.java:61)
	at org.springframework.dao.support.DataAccessUtils.translateIfNecessary(DataAccessUtils.java:343)
	at org.springframework.dao.support.PersistenceExceptionTranslationInterceptor.invoke(PersistenceExceptionTranslationInterceptor.java:160)
	at org.springframework.aop.framework.ReflectiveMethodInvocation.proceed(ReflectiveMethodInvocation.java:184)
	at org.springframework.data.jpa.repository.support.CrudMethodMetadataPostProcessor$CrudMethodMetadataPopulatingMethodInterceptor.invoke(CrudMethodMetadataPostProcessor.java:165)
	at org.springframework.aop.framework.ReflectiveMethodInvocation.proceed(ReflectiveMethodInvocation.java:184)
	at org.springframework.aop.framework.JdkDynamicAopProxy.invoke(JdkDynamicAopProxy.java:223)
	at jdk.proxy4/jdk.proxy4.$Proxy170.save(Unknown Source)
	at com.hub.backend.service.InfoService.create(InfoService.java:62)
	at java.base/jdk.internal.reflect.NativeMethodAccessorImpl.invoke0(Native Method)
	at java.base/jdk.internal.reflect.NativeMethodAccessorImpl.invoke(NativeMethodAccessorImpl.java:77)
	at java.base/jdk.internal.reflect.DelegatingMethodAccessorImpl.invoke(DelegatingMethodAccessorImpl.java:43)
	at java.base/java.lang.reflect.Method.invoke(Method.java:568)
	at org.springframework.aop.support.AopUtils.invokeJoinpointUsingReflection(AopUtils.java:360)
	at org.springframework.aop.framework.ReflectiveMethodInvocation.invokeJoinpoint(ReflectiveMethodInvocation.java:196)
	at org.springframework.aop.framework.ReflectiveMethodInvocation.proceed(ReflectiveMethodInvocation.java:163)
	at org.springframework.transaction.interceptor.TransactionAspectSupport.invokeWithinTransaction(TransactionAspectSupport.java:380)
	at org.springframework.transaction.interceptor.TransactionInterceptor.invoke(TransactionInterceptor.java:119)
	at org.springframework.aop.framework.ReflectiveMethodInvocation.proceed(ReflectiveMethodInvocation.java:184)
	at org.springframework.aop.framework.CglibAopProxy$DynamicAdvisedInterceptor.intercept(CglibAopProxy.java:728)
	at com.hub.backend.service.InfoService$$SpringCGLIB$$0.create(<generated>)
	at com.hub.backend.controller.InfoController.create(InfoController.java:53)
	at java.base/jdk.internal.reflect.NativeMethodAccessorImpl.invoke0(Native Method)
	at java.base/jdk.internal.reflect.NativeMethodAccessorImpl.invoke(NativeMethodAccessorImpl.java:77)
	at java.base/jdk.internal.reflect.DelegatingMethodAccessorImpl.invoke(DelegatingMethodAccessorImpl.java:43)
	at java.base/java.lang.reflect.Method.invoke(Method.java:568)
	at org.springframework.web.method.support.InvocableHandlerMethod.doInvoke(InvocableHandlerMethod.java:258)
	at org.springframework.web.method.support.InvocableHandlerMethod.invokeForRequest(InvocableHandlerMethod.java:191)
	at org.springframework.web.servlet.mvc.method.annotation.ServletInvocableHandlerMethod.invokeAndHandle(ServletInvocableHandlerMethod.java:118)
	at org.springframework.web.servlet.mvc.method.annotation.RequestMappingHandlerAdapter.invokeHandlerMethod(RequestMappingHandlerAdapter.java:991)
	at org.springframework.web.servlet.mvc.method.annotation.RequestMappingHandlerAdapter.handleInternal(RequestMappingHandlerAdapter.java:896)
	at org.springframework.web.servlet.mvc.method.AbstractHandlerMethodAdapter.handle(AbstractHandlerMethodAdapter.java:87)
	at org.springframework.web.servlet.DispatcherServlet.doDispatch(DispatcherServlet.java:1089)
	at org.springframework.web.servlet.DispatcherServlet.doService(DispatcherServlet.java:979)
	at org.springframework.web.servlet.FrameworkServlet.processRequest(FrameworkServlet.java:1014)
	at org.springframework.web.servlet.FrameworkServlet.doPost(FrameworkServlet.java:914)
	at jakarta.servlet.http.HttpServlet.service(HttpServlet.java:590)
	at org.springframework.web.servlet.FrameworkServlet.service(FrameworkServlet.java:885)
	at jakarta.servlet.http.HttpServlet.service(HttpServlet.java:658)
	at org.apache.catalina.core.ApplicationFilterChain.internalDoFilter(ApplicationFilterChain.java:193)
	at org.apache.catalina.core.ApplicationFilterChain.doFilter(ApplicationFilterChain.java:138)
	at org.apache.tomcat.websocket.server.WsFilter.doFilter(WsFilter.java:51)
	at org.apache.catalina.core.ApplicationFilterChain.internalDoFilter(ApplicationFilterChain.java:162)
	at org.apache.catalina.core.ApplicationFilterChain.doFilter(ApplicationFilterChain.java:138)
	at org.springframework.web.filter.OncePerRequestFilter.doFilter(OncePerRequestFilter.java:110)
	at org.apache.catalina.core.ApplicationFilterChain.internalDoFilter(ApplicationFilterChain.java:162)
	at org.apache.catalina.core.ApplicationFilterChain.doFilter(ApplicationFilterChain.java:138)
	at org.springframework.web.filter.CompositeFilter$VirtualFilterChain.doFilter(CompositeFilter.java:108)
	at org.springframework.web.filter.CompositeFilter$VirtualFilterChain.doFilter(CompositeFilter.java:108)
	at org.springframework.security.web.FilterChainProxy.lambda$doFilterInternal$3(FilterChainProxy.java:231)
	at org.springframework.security.web.FilterChainProxy$VirtualFilterChain.doFilter(FilterChainProxy.java:370)
	at org.springframework.security.web.access.intercept.AuthorizationFilter.doFilter(AuthorizationFilter.java:101)
	at org.springframework.security.web.FilterChainProxy$VirtualFilterChain.doFilter(FilterChainProxy.java:379)
	at org.springframework.security.web.access.ExceptionTranslationFilter.doFilter(ExceptionTranslationFilter.java:125)
	at org.springframework.security.web.access.ExceptionTranslationFilter.doFilter(ExceptionTranslationFilter.java:119)
	at org.springframework.security.web.FilterChainProxy$VirtualFilterChain.doFilter(FilterChainProxy.java:379)
	at org.springframework.security.web.session.SessionManagementFilter.doFilter(SessionManagementFilter.java:131)
	at org.springframework.security.web.session.SessionManagementFilter.doFilter(SessionManagementFilter.java:85)
	at org.springframework.security.web.FilterChainProxy$VirtualFilterChain.doFilter(FilterChainProxy.java:379)
	at org.springframework.security.web.authentication.AnonymousAuthenticationFilter.doFilter(AnonymousAuthenticationFilter.java:100)
	at org.springframework.security.web.FilterChainProxy$VirtualFilterChain.doFilter(FilterChainProxy.java:379)
	at org.springframework.security.web.servletapi.SecurityContextHolderAwareRequestFilter.doFilter(SecurityContextHolderAwareRequestFilter.java:179)
	at org.springframework.security.web.FilterChainProxy$VirtualFilterChain.doFilter(FilterChainProxy.java:379)
	at org.springframework.security.web.savedrequest.RequestCacheAwareFilter.doFilter(RequestCacheAwareFilter.java:63)
	at org.springframework.security.web.FilterChainProxy$VirtualFilterChain.doFilter(FilterChainProxy.java:379)
	at com.hub.backend.security.JwtAuthenticationFilter.doFilterInternal(JwtAuthenticationFilter.java:56)
	at org.springframework.web.filter.OncePerRequestFilter.doFilter(OncePerRequestFilter.java:116)
	at org.springframework.security.web.FilterChainProxy$VirtualFilterChain.doFilter(FilterChainProxy.java:379)
	at org.springframework.security.web.authentication.logout.LogoutFilter.doFilter(LogoutFilter.java:107)
	at org.springframework.security.web.authentication.logout.LogoutFilter.doFilter(LogoutFilter.java:93)
	at org.springframework.security.web.FilterChainProxy$VirtualFilterChain.doFilter(FilterChainProxy.java:379)
	at org.springframework.web.filter.CorsFilter.doFilterInternal(CorsFilter.java:91)
	at org.springframework.web.filter.OncePerRequestFilter.doFilter(OncePerRequestFilter.java:116)
	at org.springframework.security.web.FilterChainProxy$VirtualFilterChain.doFilter(FilterChainProxy.java:379)
	at org.springframework.security.web.header.HeaderWriterFilter.doHeadersAfter(HeaderWriterFilter.java:90)
	at org.springframework.security.web.header.HeaderWriterFilter.doFilterInternal(HeaderWriterFilter.java:75)
	at org.springframework.web.filter.OncePerRequestFilter.doFilter(OncePerRequestFilter.java:116)
	at org.springframework.security.web.FilterChainProxy$VirtualFilterChain.doFilter(FilterChainProxy.java:379)
	at org.springframework.security.web.context.SecurityContextHolderFilter.doFilter(SecurityContextHolderFilter.java:82)
	at org.springframework.security.web.context.SecurityContextHolderFilter.doFilter(SecurityContextHolderFilter.java:69)
	at org.springframework.security.web.FilterChainProxy$VirtualFilterChain.doFilter(FilterChainProxy.java:379)
	at org.springframework.security.web.context.request.async.WebAsyncManagerIntegrationFilter.doFilterInternal(WebAsyncManagerIntegrationFilter.java:62)
	at org.springframework.web.filter.OncePerRequestFilter.doFilter(OncePerRequestFilter.java:116)
	at org.springframework.security.web.FilterChainProxy$VirtualFilterChain.doFilter(FilterChainProxy.java:379)
	at org.springframework.security.web.session.DisableEncodeUrlFilter.doFilterInternal(DisableEncodeUrlFilter.java:42)
	at org.springframework.web.filter.OncePerRequestFilter.doFilter(OncePerRequestFilter.java:116)
	at org.springframework.security.web.FilterChainProxy$VirtualFilterChain.doFilter(FilterChainProxy.java:379)
	at org.springframework.security.web.FilterChainProxy.doFilterInternal(FilterChainProxy.java:233)
	at org.springframework.security.web.FilterChainProxy.doFilter(FilterChainProxy.java:191)
	at org.springframework.web.filter.CompositeFilter$VirtualFilterChain.doFilter(CompositeFilter.java:113)
	at org.springframework.web.filter.ServletRequestPathFilter.doFilter(ServletRequestPathFilter.java:52)
	at org.springframework.web.filter.CompositeFilter$VirtualFilterChain.doFilter(CompositeFilter.java:113)
	at org.springframework.web.filter.CompositeFilter.doFilter(CompositeFilter.java:74)
	at org.springframework.security.config.annotation.web.configuration.WebSecurityConfiguration$CompositeFilterChainProxy.doFilter(WebSecurityConfiguration.java:319)
	at org.springframework.web.filter.CompositeFilter$VirtualFilterChain.doFilter(CompositeFilter.java:113)
	at org.springframework.web.servlet.handler.HandlerMappingIntrospector.lambda$createCacheFilter$4(HandlerMappingIntrospector.java:267)
	at org.springframework.web.filter.CompositeFilter$VirtualFilterChain.doFilter(CompositeFilter.java:113)
	at org.springframework.web.filter.CompositeFilter.doFilter(CompositeFilter.java:74)
	at org.springframework.security.config.annotation.web.configuration.WebMvcSecurityConfiguration$CompositeFilterChainProxy.doFilter(WebMvcSecurityConfiguration.java:240)
	at org.springframework.web.filter.DelegatingFilterProxy.invokeDelegate(DelegatingFilterProxy.java:362)
	at org.springframework.web.filter.DelegatingFilterProxy.doFilter(DelegatingFilterProxy.java:278)
	at org.apache.catalina.core.ApplicationFilterChain.internalDoFilter(ApplicationFilterChain.java:162)
	at org.apache.catalina.core.ApplicationFilterChain.doFilter(ApplicationFilterChain.java:138)
	at org.springframework.web.filter.RequestContextFilter.doFilterInternal(RequestContextFilter.java:100)
	at org.springframework.web.filter.OncePerRequestFilter.doFilter(OncePerRequestFilter.java:116)
	at org.apache.catalina.core.ApplicationFilterChain.internalDoFilter(ApplicationFilterChain.java:162)
	at org.apache.catalina.core.ApplicationFilterChain.doFilter(ApplicationFilterChain.java:138)
	at org.springframework.web.filter.FormContentFilter.doFilterInternal(FormContentFilter.java:93)
	at org.springframework.web.filter.OncePerRequestFilter.doFilter(OncePerRequestFilter.java:116)
	at org.apache.catalina.core.ApplicationFilterChain.internalDoFilter(ApplicationFilterChain.java:162)
	at org.apache.catalina.core.ApplicationFilterChain.doFilter(ApplicationFilterChain.java:138)
	at org.springframework.web.filter.CharacterEncodingFilter.doFilterInternal(CharacterEncodingFilter.java:201)
	at org.springframework.web.filter.OncePerRequestFilter.doFilter(OncePerRequestFilter.java:116)
	at org.apache.catalina.core.ApplicationFilterChain.internalDoFilter(ApplicationFilterChain.java:162)
	at org.apache.catalina.core.ApplicationFilterChain.doFilter(ApplicationFilterChain.java:138)
	at org.apache.catalina.core.StandardWrapperValve.invoke(StandardWrapperValve.java:165)
	at org.apache.catalina.core.StandardContextValve.invoke(StandardContextValve.java:88)
	at org.apache.catalina.authenticator.AuthenticatorBase.invoke(AuthenticatorBase.java:492)
	at org.apache.catalina.core.StandardHostValve.invoke(StandardHostValve.java:113)
	at org.apache.catalina.valves.ErrorReportValve.invoke(ErrorReportValve.java:83)
	at org.apache.catalina.core.StandardEngineValve.invoke(StandardEngineValve.java:72)
	at org.apache.catalina.connector.CoyoteAdapter.service(CoyoteAdapter.java:342)
	at org.apache.coyote.http11.Http11Processor.service(Http11Processor.java:399)
	at org.apache.coyote.AbstractProcessorLight.process(AbstractProcessorLight.java:63)
	at org.apache.coyote.AbstractProtocol$ConnectionHandler.process(AbstractProtocol.java:903)
	at org.apache.tomcat.util.net.NioEndpoint$SocketProcessor.doRun(NioEndpoint.java:1797)
	at org.apache.tomcat.util.net.SocketProcessorBase.run(SocketProcessorBase.java:52)
	at org.apache.tomcat.util.threads.ThreadPoolExecutor.runWorker(ThreadPoolExecutor.java:973)
	at org.apache.tomcat.util.threads.ThreadPoolExecutor$Worker.run(ThreadPoolExecutor.java:491)
	at org.apache.tomcat.util.threads.TaskThread$WrappingRunnable.run(TaskThread.java:63)
	at java.base/java.lang.Thread.run(Thread.java:842)
Caused by: org.hibernate.exception.ConstraintViolationException: could not execute statement [ERROR: null value in column "created_at" of relation "info" violates not-null constraint
  Detail: Failing row contains (2, 16494, FREE, null, http://localhost:8093/images/2026/05/24e5847a-023b-410a-9ae5-9d2..., null, 유키노시타 허벅지 핥핥, null, 2).] [insert into info (author_id,body,category,created_at,image_url,summary,title,updated_at) values (?,?,?,?,?,?,?,?)]
	at org.hibernate.exception.internal.SQLStateConversionDelegate.convert(SQLStateConversionDelegate.java:97)
	at org.hibernate.exception.internal.StandardSQLExceptionConverter.convert(StandardSQLExceptionConverter.java:58)
	at org.hibernate.engine.jdbc.spi.SqlExceptionHelper.convert(SqlExceptionHelper.java:108)
	at org.hibernate.engine.jdbc.internal.ResultSetReturnImpl.executeUpdate(ResultSetReturnImpl.java:197)
	at org.hibernate.id.insert.GetGeneratedKeysDelegate.performMutation(GetGeneratedKeysDelegate.java:116)
	at org.hibernate.engine.jdbc.mutation.internal.MutationExecutorSingleNonBatched.performNonBatchedOperations(MutationExecutorSingleNonBatched.java:47)
	at org.hibernate.engine.jdbc.mutation.internal.AbstractMutationExecutor.execute(AbstractMutationExecutor.java:55)
	at org.hibernate.persister.entity.mutation.InsertCoordinatorStandard.doStaticInserts(InsertCoordinatorStandard.java:194)
	at org.hibernate.persister.entity.mutation.InsertCoordinatorStandard.coordinateInsert(InsertCoordinatorStandard.java:132)
	at org.hibernate.persister.entity.mutation.InsertCoordinatorStandard.insert(InsertCoordinatorStandard.java:95)
	at org.hibernate.action.internal.EntityIdentityInsertAction.execute(EntityIdentityInsertAction.java:85)
	at org.hibernate.engine.spi.ActionQueue.execute(ActionQueue.java:682)
	at org.hibernate.engine.spi.ActionQueue.addResolvedEntityInsertAction(ActionQueue.java:293)
	at org.hibernate.engine.spi.ActionQueue.addInsertAction(ActionQueue.java:274)
	at org.hibernate.engine.spi.ActionQueue.addAction(ActionQueue.java:324)
	at org.hibernate.event.internal.AbstractSaveEventListener.addInsertAction(AbstractSaveEventListener.java:394)
	at org.hibernate.event.internal.AbstractSaveEventListener.performSaveOrReplicate(AbstractSaveEventListener.java:308)
	at org.hibernate.event.internal.AbstractSaveEventListener.performSave(AbstractSaveEventListener.java:224)
	at org.hibernate.event.internal.AbstractSaveEventListener.saveWithGeneratedId(AbstractSaveEventListener.java:136)
	at org.hibernate.event.internal.DefaultPersistEventListener.entityIsTransient(DefaultPersistEventListener.java:177)
	at org.hibernate.event.internal.DefaultPersistEventListener.persist(DefaultPersistEventListener.java:95)
	at org.hibernate.event.internal.DefaultPersistEventListener.onPersist(DefaultPersistEventListener.java:79)
	at org.hibernate.event.internal.DefaultPersistEventListener.onPersist(DefaultPersistEventListener.java:55)
	at org.hibernate.event.service.internal.EventListenerGroupImpl.fireEventOnEachListener(EventListenerGroupImpl.java:127)
	at org.hibernate.internal.SessionImpl.firePersist(SessionImpl.java:761)
	at org.hibernate.internal.SessionImpl.persist(SessionImpl.java:745)
	at java.base/jdk.internal.reflect.NativeMethodAccessorImpl.invoke0(Native Method)
	at java.base/jdk.internal.reflect.NativeMethodAccessorImpl.invoke(NativeMethodAccessorImpl.java:77)
	at java.base/jdk.internal.reflect.DelegatingMethodAccessorImpl.invoke(DelegatingMethodAccessorImpl.java:43)
	at java.base/java.lang.reflect.Method.invoke(Method.java:568)
	at org.springframework.orm.jpa.ExtendedEntityManagerCreator$ExtendedEntityManagerInvocationHandler.invoke(ExtendedEntityManagerCreator.java:364)
	at jdk.proxy4/jdk.proxy4.$Proxy152.persist(Unknown Source)
	at java.base/jdk.internal.reflect.NativeMethodAccessorImpl.invoke0(Native Method)
	at java.base/jdk.internal.reflect.NativeMethodAccessorImpl.invoke(NativeMethodAccessorImpl.java:77)
	at java.base/jdk.internal.reflect.DelegatingMethodAccessorImpl.invoke(DelegatingMethodAccessorImpl.java:43)
	at java.base/java.lang.reflect.Method.invoke(Method.java:568)
	at org.springframework.orm.jpa.SharedEntityManagerCreator$SharedEntityManagerInvocationHandler.invoke(SharedEntityManagerCreator.java:320)
	at jdk.proxy4/jdk.proxy4.$Proxy152.persist(Unknown Source)
	at org.springframework.data.jpa.repository.support.SimpleJpaRepository.save(SimpleJpaRepository.java:654)
	at java.base/jdk.internal.reflect.NativeMethodAccessorImpl.invoke0(Native Method)
	at java.base/jdk.internal.reflect.NativeMethodAccessorImpl.invoke(NativeMethodAccessorImpl.java:77)
	at java.base/jdk.internal.reflect.DelegatingMethodAccessorImpl.invoke(DelegatingMethodAccessorImpl.java:43)
	at java.base/java.lang.reflect.Method.invoke(Method.java:568)
	at org.springframework.aop.support.AopUtils.invokeJoinpointUsingReflection(AopUtils.java:360)
	at org.springframework.data.repository.core.support.RepositoryMethodInvoker$RepositoryFragmentMethodInvoker.lambda$new$0(RepositoryMethodInvoker.java:277)
	at org.springframework.data.repository.core.support.RepositoryMethodInvoker.doInvoke(RepositoryMethodInvoker.java:170)
	at org.springframework.data.repository.core.support.RepositoryMethodInvoker.invoke(RepositoryMethodInvoker.java:158)
	at org.springframework.data.repository.core.support.RepositoryComposition$RepositoryFragments.invoke(RepositoryComposition.java:515)
	at org.springframework.data.repository.core.support.RepositoryComposition.invoke(RepositoryComposition.java:284)
	at org.springframework.data.repository.core.support.RepositoryFactorySupport$ImplementationMethodExecutionInterceptor.invoke(RepositoryFactorySupport.java:720)
	at org.springframework.aop.framework.ReflectiveMethodInvocation.proceed(ReflectiveMethodInvocation.java:184)
	at org.springframework.data.repository.core.support.QueryExecutorMethodInterceptor.doInvoke(QueryExecutorMethodInterceptor.java:174)
	at org.springframework.data.repository.core.support.QueryExecutorMethodInterceptor.invoke(QueryExecutorMethodInterceptor.java:149)
	at org.springframework.aop.framework.ReflectiveMethodInvocation.proceed(ReflectiveMethodInvocation.java:184)
	at org.springframework.data.projection.DefaultMethodInvokingMethodInterceptor.invoke(DefaultMethodInvokingMethodInterceptor.java:69)
	at org.springframework.aop.framework.ReflectiveMethodInvocation.proceed(ReflectiveMethodInvocation.java:184)
	at org.springframework.transaction.interceptor.TransactionAspectSupport.invokeWithinTransaction(TransactionAspectSupport.java:380)
	at org.springframework.transaction.interceptor.TransactionInterceptor.invoke(TransactionInterceptor.java:119)
	at org.springframework.aop.framework.ReflectiveMethodInvocation.proceed(ReflectiveMethodInvocation.java:184)
	at org.springframework.dao.support.PersistenceExceptionTranslationInterceptor.invoke(PersistenceExceptionTranslationInterceptor.java:138)
	... 128 common frames omitted
Caused by: org.postgresql.util.PSQLException: ERROR: null value in column "created_at" of relation "info" violates not-null constraint
  Detail: Failing row contains (2, 16494, FREE, null, http://localhost:8093/images/2026/05/24e5847a-023b-410a-9ae5-9d2..., null, 유키노시타 허벅지 핥핥, null, 2).
	at org.postgresql.core.v3.QueryExecutorImpl.receiveErrorResponse(QueryExecutorImpl.java:2875)
	at org.postgresql.core.v3.QueryExecutorImpl.processResults(QueryExecutorImpl.java:2560)
	at org.postgresql.core.v3.QueryExecutorImpl.execute(QueryExecutorImpl.java:429)
	at org.postgresql.jdbc.PgStatement.executeInternal(PgStatement.java:526)
	at org.postgresql.jdbc.PgStatement.execute(PgStatement.java:436)
	at org.postgresql.jdbc.PgPreparedStatement.executeWithFlags(PgPreparedStatement.java:196)
	at org.postgresql.jdbc.PgPreparedStatement.executeUpdate(PgPreparedStatement.java:157)
	at com.zaxxer.hikari.pool.ProxyPreparedStatement.executeUpdate(ProxyPreparedStatement.java:61)
	at com.zaxxer.hikari.pool.HikariProxyPreparedStatement.executeUpdate(HikariProxyPreparedStatement.java)
	at org.hibernate.engine.jdbc.internal.ResultSetReturnImpl.executeUpdate(ResultSetReturnImpl.java:194)
	... 184 common frames omitted
2026-05-19 17:02:40 WARN  [http-nio-8093-exec-5] o.s.w.s.m.m.a.ExceptionHandlerExceptionResolver - Resolved [org.springframework.dao.DataIntegrityViolationException: could not execute statement [ERROR: null value in column "created_at" of relation "info" violates not-null constraint<EOL>  Detail: Failing row contains (2, 16494, FREE, null, http://localhost:8093/images/2026/05/24e5847a-023b-410a-9ae5-9d2..., null, 유키노시타 허벅지 핥핥, null, 2).] [insert into info (author_id,body,category,created_at,image_url,summary,title,updated_at) values (?,?,?,?,?,?,?,?)]; SQL [insert into info (author_id,body,category,created_at,image_url,summary,title,updated_at) values (?,?,?,?,?,?,?,?)]; constraint [created_at" of relation "info]]
2026-05-19 17:03:38 DEBUG [http-nio-8093-exec-10] org.hibernate.SQL - 
    select
        u1_0.id,
        u1_0.created_at,
        u1_0.email,
        u1_0.nickname,
        u1_0.password,
        u1_0.role,
        u1_0.updated_at 
    from
        users u1_0 
    where
        u1_0.id=?
2026-05-19 17:03:38 TRACE [http-nio-8093-exec-10] org.hibernate.orm.jdbc.bind - binding parameter (1:BIGINT) <- [2]
2026-05-19 17:03:38 DEBUG [http-nio-8093-exec-10] org.hibernate.SQL - 
    insert 
    into
        info
        (author_id, body, category, created_at, image_url, summary, title, updated_at) 
    values
        (?, ?, ?, ?, ?, ?, ?, ?)
2026-05-19 17:03:38 TRACE [http-nio-8093-exec-10] org.hibernate.orm.jdbc.bind - binding parameter (1:BIGINT) <- [2]
2026-05-19 17:03:38 TRACE [http-nio-8093-exec-10] org.hibernate.orm.jdbc.bind - binding parameter (2:CLOB) <- [

허벅지 핥핥]
2026-05-19 17:03:38 TRACE [http-nio-8093-exec-10] org.hibernate.orm.jdbc.bind - binding parameter (3:VARCHAR) <- [FREE]
2026-05-19 17:03:38 TRACE [http-nio-8093-exec-10] org.hibernate.orm.jdbc.bind - binding parameter (4:TIMESTAMP) <- [null]
2026-05-19 17:03:38 TRACE [http-nio-8093-exec-10] org.hibernate.orm.jdbc.bind - binding parameter (5:VARCHAR) <- [http://localhost:8093/images/2026/05/24e5847a-023b-410a-9ae5-9d2a5138fe2c.jpg]
2026-05-19 17:03:38 TRACE [http-nio-8093-exec-10] org.hibernate.orm.jdbc.bind - binding parameter (6:VARCHAR) <- [null]
2026-05-19 17:03:38 TRACE [http-nio-8093-exec-10] org.hibernate.orm.jdbc.bind - binding parameter (7:VARCHAR) <- [유키노시타 허벅지 핥핥]
2026-05-19 17:03:38 TRACE [http-nio-8093-exec-10] org.hibernate.orm.jdbc.bind - binding parameter (8:TIMESTAMP) <- [null]
2026-05-19 17:03:38 WARN  [http-nio-8093-exec-10] o.h.e.jdbc.spi.SqlExceptionHelper - SQL Error: 0, SQLState: 23502
2026-05-19 17:03:38 ERROR [http-nio-8093-exec-10] o.h.e.jdbc.spi.SqlExceptionHelper - ERROR: null value in column "created_at" of relation "info" violates not-null constraint
  Detail: Failing row contains (3, 16495, FREE, null, http://localhost:8093/images/2026/05/24e5847a-023b-410a-9ae5-9d2..., null, 유키노시타 허벅지 핥핥, null, 2).
2026-05-19 17:03:38 ERROR [http-nio-8093-exec-10] c.h.b.e.GlobalExceptionHandler - Unhanled
org.springframework.dao.DataIntegrityViolationException: could not execute statement [ERROR: null value in column "created_at" of relation "info" violates not-null constraint
  Detail: Failing row contains (3, 16495, FREE, null, http://localhost:8093/images/2026/05/24e5847a-023b-410a-9ae5-9d2..., null, 유키노시타 허벅지 핥핥, null, 2).] [insert into info (author_id,body,category,created_at,image_url,summary,title,updated_at) values (?,?,?,?,?,?,?,?)]; SQL [insert into info (author_id,body,category,created_at,image_url,summary,title,updated_at) values (?,?,?,?,?,?,?,?)]; constraint [created_at" of relation "info]
	at org.springframework.orm.jpa.vendor.HibernateJpaDialect.convertHibernateAccessException(HibernateJpaDialect.java:294)
	at org.springframework.orm.jpa.vendor.HibernateJpaDialect.convertHibernateAccessException(HibernateJpaDialect.java:256)
	at org.springframework.orm.jpa.vendor.HibernateJpaDialect.translateExceptionIfPossible(HibernateJpaDialect.java:241)
	at org.springframework.orm.jpa.AbstractEntityManagerFactoryBean.translateExceptionIfPossible(AbstractEntityManagerFactoryBean.java:560)
	at org.springframework.dao.support.ChainedPersistenceExceptionTranslator.translateExceptionIfPossible(ChainedPersistenceExceptionTranslator.java:61)
	at org.springframework.dao.support.DataAccessUtils.translateIfNecessary(DataAccessUtils.java:343)
	at org.springframework.dao.support.PersistenceExceptionTranslationInterceptor.invoke(PersistenceExceptionTranslationInterceptor.java:160)
	at org.springframework.aop.framework.ReflectiveMethodInvocation.proceed(ReflectiveMethodInvocation.java:184)
	at org.springframework.data.jpa.repository.support.CrudMethodMetadataPostProcessor$CrudMethodMetadataPopulatingMethodInterceptor.invoke(CrudMethodMetadataPostProcessor.java:165)
	at org.springframework.aop.framework.ReflectiveMethodInvocation.proceed(ReflectiveMethodInvocation.java:184)
	at org.springframework.aop.framework.JdkDynamicAopProxy.invoke(JdkDynamicAopProxy.java:223)
	at jdk.proxy4/jdk.proxy4.$Proxy170.save(Unknown Source)
	at com.hub.backend.service.InfoService.create(InfoService.java:62)
	at java.base/jdk.internal.reflect.NativeMethodAccessorImpl.invoke0(Native Method)
	at java.base/jdk.internal.reflect.NativeMethodAccessorImpl.invoke(NativeMethodAccessorImpl.java:77)
	at java.base/jdk.internal.reflect.DelegatingMethodAccessorImpl.invoke(DelegatingMethodAccessorImpl.java:43)
	at java.base/java.lang.reflect.Method.invoke(Method.java:568)
	at org.springframework.aop.support.AopUtils.invokeJoinpointUsingReflection(AopUtils.java:360)
	at org.springframework.aop.framework.ReflectiveMethodInvocation.invokeJoinpoint(ReflectiveMethodInvocation.java:196)
	at org.springframework.aop.framework.ReflectiveMethodInvocation.proceed(ReflectiveMethodInvocation.java:163)
	at org.springframework.transaction.interceptor.TransactionAspectSupport.invokeWithinTransaction(TransactionAspectSupport.java:380)
	at org.springframework.transaction.interceptor.TransactionInterceptor.invoke(TransactionInterceptor.java:119)
	at org.springframework.aop.framework.ReflectiveMethodInvocation.proceed(ReflectiveMethodInvocation.java:184)
	at org.springframework.aop.framework.CglibAopProxy$DynamicAdvisedInterceptor.intercept(CglibAopProxy.java:728)
	at com.hub.backend.service.InfoService$$SpringCGLIB$$0.create(<generated>)
	at com.hub.backend.controller.InfoController.create(InfoController.java:53)
	at java.base/jdk.internal.reflect.NativeMethodAccessorImpl.invoke0(Native Method)
	at java.base/jdk.internal.reflect.NativeMethodAccessorImpl.invoke(NativeMethodAccessorImpl.java:77)
	at java.base/jdk.internal.reflect.DelegatingMethodAccessorImpl.invoke(DelegatingMethodAccessorImpl.java:43)
	at java.base/java.lang.reflect.Method.invoke(Method.java:568)
	at org.springframework.web.method.support.InvocableHandlerMethod.doInvoke(InvocableHandlerMethod.java:258)
	at org.springframework.web.method.support.InvocableHandlerMethod.invokeForRequest(InvocableHandlerMethod.java:191)
	at org.springframework.web.servlet.mvc.method.annotation.ServletInvocableHandlerMethod.invokeAndHandle(ServletInvocableHandlerMethod.java:118)
	at org.springframework.web.servlet.mvc.method.annotation.RequestMappingHandlerAdapter.invokeHandlerMethod(RequestMappingHandlerAdapter.java:991)
	at org.springframework.web.servlet.mvc.method.annotation.RequestMappingHandlerAdapter.handleInternal(RequestMappingHandlerAdapter.java:896)
	at org.springframework.web.servlet.mvc.method.AbstractHandlerMethodAdapter.handle(AbstractHandlerMethodAdapter.java:87)
	at org.springframework.web.servlet.DispatcherServlet.doDispatch(DispatcherServlet.java:1089)
	at org.springframework.web.servlet.DispatcherServlet.doService(DispatcherServlet.java:979)
	at org.springframework.web.servlet.FrameworkServlet.processRequest(FrameworkServlet.java:1014)
	at org.springframework.web.servlet.FrameworkServlet.doPost(FrameworkServlet.java:914)
	at jakarta.servlet.http.HttpServlet.service(HttpServlet.java:590)
	at org.springframework.web.servlet.FrameworkServlet.service(FrameworkServlet.java:885)
	at jakarta.servlet.http.HttpServlet.service(HttpServlet.java:658)
	at org.apache.catalina.core.ApplicationFilterChain.internalDoFilter(ApplicationFilterChain.java:193)
	at org.apache.catalina.core.ApplicationFilterChain.doFilter(ApplicationFilterChain.java:138)
	at org.apache.tomcat.websocket.server.WsFilter.doFilter(WsFilter.java:51)
	at org.apache.catalina.core.ApplicationFilterChain.internalDoFilter(ApplicationFilterChain.java:162)
	at org.apache.catalina.core.ApplicationFilterChain.doFilter(ApplicationFilterChain.java:138)
	at org.springframework.web.filter.OncePerRequestFilter.doFilter(OncePerRequestFilter.java:110)
	at org.apache.catalina.core.ApplicationFilterChain.internalDoFilter(ApplicationFilterChain.java:162)
	at org.apache.catalina.core.ApplicationFilterChain.doFilter(ApplicationFilterChain.java:138)
	at org.springframework.web.filter.CompositeFilter$VirtualFilterChain.doFilter(CompositeFilter.java:108)
	at org.springframework.web.filter.CompositeFilter$VirtualFilterChain.doFilter(CompositeFilter.java:108)
	at org.springframework.security.web.FilterChainProxy.lambda$doFilterInternal$3(FilterChainProxy.java:231)
	at org.springframework.security.web.FilterChainProxy$VirtualFilterChain.doFilter(FilterChainProxy.java:370)
	at org.springframework.security.web.access.intercept.AuthorizationFilter.doFilter(AuthorizationFilter.java:101)
	at org.springframework.security.web.FilterChainProxy$VirtualFilterChain.doFilter(FilterChainProxy.java:379)
	at org.springframework.security.web.access.ExceptionTranslationFilter.doFilter(ExceptionTranslationFilter.java:125)
	at org.springframework.security.web.access.ExceptionTranslationFilter.doFilter(ExceptionTranslationFilter.java:119)
	at org.springframework.security.web.FilterChainProxy$VirtualFilterChain.doFilter(FilterChainProxy.java:379)
	at org.springframework.security.web.session.SessionManagementFilter.doFilter(SessionManagementFilter.java:131)
	at org.springframework.security.web.session.SessionManagementFilter.doFilter(SessionManagementFilter.java:85)
	at org.springframework.security.web.FilterChainProxy$VirtualFilterChain.doFilter(FilterChainProxy.java:379)
	at org.springframework.security.web.authentication.AnonymousAuthenticationFilter.doFilter(AnonymousAuthenticationFilter.java:100)
	at org.springframework.security.web.FilterChainProxy$VirtualFilterChain.doFilter(FilterChainProxy.java:379)
	at org.springframework.security.web.servletapi.SecurityContextHolderAwareRequestFilter.doFilter(SecurityContextHolderAwareRequestFilter.java:179)
	at org.springframework.security.web.FilterChainProxy$VirtualFilterChain.doFilter(FilterChainProxy.java:379)
	at org.springframework.security.web.savedrequest.RequestCacheAwareFilter.doFilter(RequestCacheAwareFilter.java:63)
	at org.springframework.security.web.FilterChainProxy$VirtualFilterChain.doFilter(FilterChainProxy.java:379)
	at com.hub.backend.security.JwtAuthenticationFilter.doFilterInternal(JwtAuthenticationFilter.java:56)
	at org.springframework.web.filter.OncePerRequestFilter.doFilter(OncePerRequestFilter.java:116)
	at org.springframework.security.web.FilterChainProxy$VirtualFilterChain.doFilter(FilterChainProxy.java:379)
	at org.springframework.security.web.authentication.logout.LogoutFilter.doFilter(LogoutFilter.java:107)
	at org.springframework.security.web.authentication.logout.LogoutFilter.doFilter(LogoutFilter.java:93)
	at org.springframework.security.web.FilterChainProxy$VirtualFilterChain.doFilter(FilterChainProxy.java:379)
	at org.springframework.web.filter.CorsFilter.doFilterInternal(CorsFilter.java:91)
	at org.springframework.web.filter.OncePerRequestFilter.doFilter(OncePerRequestFilter.java:116)
	at org.springframework.security.web.FilterChainProxy$VirtualFilterChain.doFilter(FilterChainProxy.java:379)
	at org.springframework.security.web.header.HeaderWriterFilter.doHeadersAfter(HeaderWriterFilter.java:90)
	at org.springframework.security.web.header.HeaderWriterFilter.doFilterInternal(HeaderWriterFilter.java:75)
	at org.springframework.web.filter.OncePerRequestFilter.doFilter(OncePerRequestFilter.java:116)
	at org.springframework.security.web.FilterChainProxy$VirtualFilterChain.doFilter(FilterChainProxy.java:379)
	at org.springframework.security.web.context.SecurityContextHolderFilter.doFilter(SecurityContextHolderFilter.java:82)
	at org.springframework.security.web.context.SecurityContextHolderFilter.doFilter(SecurityContextHolderFilter.java:69)
	at org.springframework.security.web.FilterChainProxy$VirtualFilterChain.doFilter(FilterChainProxy.java:379)
	at org.springframework.security.web.context.request.async.WebAsyncManagerIntegrationFilter.doFilterInternal(WebAsyncManagerIntegrationFilter.java:62)
	at org.springframework.web.filter.OncePerRequestFilter.doFilter(OncePerRequestFilter.java:116)
	at org.springframework.security.web.FilterChainProxy$VirtualFilterChain.doFilter(FilterChainProxy.java:379)
	at org.springframework.security.web.session.DisableEncodeUrlFilter.doFilterInternal(DisableEncodeUrlFilter.java:42)
	at org.springframework.web.filter.OncePerRequestFilter.doFilter(OncePerRequestFilter.java:116)
	at org.springframework.security.web.FilterChainProxy$VirtualFilterChain.doFilter(FilterChainProxy.java:379)
	at org.springframework.security.web.FilterChainProxy.doFilterInternal(FilterChainProxy.java:233)
	at org.springframework.security.web.FilterChainProxy.doFilter(FilterChainProxy.java:191)
	at org.springframework.web.filter.CompositeFilter$VirtualFilterChain.doFilter(CompositeFilter.java:113)
	at org.springframework.web.filter.ServletRequestPathFilter.doFilter(ServletRequestPathFilter.java:52)
	at org.springframework.web.filter.CompositeFilter$VirtualFilterChain.doFilter(CompositeFilter.java:113)
	at org.springframework.web.filter.CompositeFilter.doFilter(CompositeFilter.java:74)
	at org.springframework.security.config.annotation.web.configuration.WebSecurityConfiguration$CompositeFilterChainProxy.doFilter(WebSecurityConfiguration.java:319)
	at org.springframework.web.filter.CompositeFilter$VirtualFilterChain.doFilter(CompositeFilter.java:113)
	at org.springframework.web.servlet.handler.HandlerMappingIntrospector.lambda$createCacheFilter$4(HandlerMappingIntrospector.java:267)
	at org.springframework.web.filter.CompositeFilter$VirtualFilterChain.doFilter(CompositeFilter.java:113)
	at org.springframework.web.filter.CompositeFilter.doFilter(CompositeFilter.java:74)
	at org.springframework.security.config.annotation.web.configuration.WebMvcSecurityConfiguration$CompositeFilterChainProxy.doFilter(WebMvcSecurityConfiguration.java:240)
	at org.springframework.web.filter.DelegatingFilterProxy.invokeDelegate(DelegatingFilterProxy.java:362)
	at org.springframework.web.filter.DelegatingFilterProxy.doFilter(DelegatingFilterProxy.java:278)
	at org.apache.catalina.core.ApplicationFilterChain.internalDoFilter(ApplicationFilterChain.java:162)
	at org.apache.catalina.core.ApplicationFilterChain.doFilter(ApplicationFilterChain.java:138)
	at org.springframework.web.filter.RequestContextFilter.doFilterInternal(RequestContextFilter.java:100)
	at org.springframework.web.filter.OncePerRequestFilter.doFilter(OncePerRequestFilter.java:116)
	at org.apache.catalina.core.ApplicationFilterChain.internalDoFilter(ApplicationFilterChain.java:162)
	at org.apache.catalina.core.ApplicationFilterChain.doFilter(ApplicationFilterChain.java:138)
	at org.springframework.web.filter.FormContentFilter.doFilterInternal(FormContentFilter.java:93)
	at org.springframework.web.filter.OncePerRequestFilter.doFilter(OncePerRequestFilter.java:116)
	at org.apache.catalina.core.ApplicationFilterChain.internalDoFilter(ApplicationFilterChain.java:162)
	at org.apache.catalina.core.ApplicationFilterChain.doFilter(ApplicationFilterChain.java:138)
	at org.springframework.web.filter.CharacterEncodingFilter.doFilterInternal(CharacterEncodingFilter.java:201)
	at org.springframework.web.filter.OncePerRequestFilter.doFilter(OncePerRequestFilter.java:116)
	at org.apache.catalina.core.ApplicationFilterChain.internalDoFilter(ApplicationFilterChain.java:162)
	at org.apache.catalina.core.ApplicationFilterChain.doFilter(ApplicationFilterChain.java:138)
	at org.apache.catalina.core.StandardWrapperValve.invoke(StandardWrapperValve.java:165)
	at org.apache.catalina.core.StandardContextValve.invoke(StandardContextValve.java:88)
	at org.apache.catalina.authenticator.AuthenticatorBase.invoke(AuthenticatorBase.java:492)
	at org.apache.catalina.core.StandardHostValve.invoke(StandardHostValve.java:113)
	at org.apache.catalina.valves.ErrorReportValve.invoke(ErrorReportValve.java:83)
	at org.apache.catalina.core.StandardEngineValve.invoke(StandardEngineValve.java:72)
	at org.apache.catalina.connector.CoyoteAdapter.service(CoyoteAdapter.java:342)
	at org.apache.coyote.http11.Http11Processor.service(Http11Processor.java:399)
	at org.apache.coyote.AbstractProcessorLight.process(AbstractProcessorLight.java:63)
	at org.apache.coyote.AbstractProtocol$ConnectionHandler.process(AbstractProtocol.java:903)
	at org.apache.tomcat.util.net.NioEndpoint$SocketProcessor.doRun(NioEndpoint.java:1797)
	at org.apache.tomcat.util.net.SocketProcessorBase.run(SocketProcessorBase.java:52)
	at org.apache.tomcat.util.threads.ThreadPoolExecutor.runWorker(ThreadPoolExecutor.java:973)
	at org.apache.tomcat.util.threads.ThreadPoolExecutor$Worker.run(ThreadPoolExecutor.java:491)
	at org.apache.tomcat.util.threads.TaskThread$WrappingRunnable.run(TaskThread.java:63)
	at java.base/java.lang.Thread.run(Thread.java:842)
Caused by: org.hibernate.exception.ConstraintViolationException: could not execute statement [ERROR: null value in column "created_at" of relation "info" violates not-null constraint
  Detail: Failing row contains (3, 16495, FREE, null, http://localhost:8093/images/2026/05/24e5847a-023b-410a-9ae5-9d2..., null, 유키노시타 허벅지 핥핥, null, 2).] [insert into info (author_id,body,category,created_at,image_url,summary,title,updated_at) values (?,?,?,?,?,?,?,?)]
	at org.hibernate.exception.internal.SQLStateConversionDelegate.convert(SQLStateConversionDelegate.java:97)
	at org.hibernate.exception.internal.StandardSQLExceptionConverter.convert(StandardSQLExceptionConverter.java:58)
	at org.hibernate.engine.jdbc.spi.SqlExceptionHelper.convert(SqlExceptionHelper.java:108)
	at org.hibernate.engine.jdbc.internal.ResultSetReturnImpl.executeUpdate(ResultSetReturnImpl.java:197)
	at org.hibernate.id.insert.GetGeneratedKeysDelegate.performMutation(GetGeneratedKeysDelegate.java:116)
	at org.hibernate.engine.jdbc.mutation.internal.MutationExecutorSingleNonBatched.performNonBatchedOperations(MutationExecutorSingleNonBatched.java:47)
	at org.hibernate.engine.jdbc.mutation.internal.AbstractMutationExecutor.execute(AbstractMutationExecutor.java:55)
	at org.hibernate.persister.entity.mutation.InsertCoordinatorStandard.doStaticInserts(InsertCoordinatorStandard.java:194)
	at org.hibernate.persister.entity.mutation.InsertCoordinatorStandard.coordinateInsert(InsertCoordinatorStandard.java:132)
	at org.hibernate.persister.entity.mutation.InsertCoordinatorStandard.insert(InsertCoordinatorStandard.java:95)
	at org.hibernate.action.internal.EntityIdentityInsertAction.execute(EntityIdentityInsertAction.java:85)
	at org.hibernate.engine.spi.ActionQueue.execute(ActionQueue.java:682)
	at org.hibernate.engine.spi.ActionQueue.addResolvedEntityInsertAction(ActionQueue.java:293)
	at org.hibernate.engine.spi.ActionQueue.addInsertAction(ActionQueue.java:274)
	at org.hibernate.engine.spi.ActionQueue.addAction(ActionQueue.java:324)
	at org.hibernate.event.internal.AbstractSaveEventListener.addInsertAction(AbstractSaveEventListener.java:394)
	at org.hibernate.event.internal.AbstractSaveEventListener.performSaveOrReplicate(AbstractSaveEventListener.java:308)
	at org.hibernate.event.internal.AbstractSaveEventListener.performSave(AbstractSaveEventListener.java:224)
	at org.hibernate.event.internal.AbstractSaveEventListener.saveWithGeneratedId(AbstractSaveEventListener.java:136)
	at org.hibernate.event.internal.DefaultPersistEventListener.entityIsTransient(DefaultPersistEventListener.java:177)
	at org.hibernate.event.internal.DefaultPersistEventListener.persist(DefaultPersistEventListener.java:95)
	at org.hibernate.event.internal.DefaultPersistEventListener.onPersist(DefaultPersistEventListener.java:79)
	at org.hibernate.event.internal.DefaultPersistEventListener.onPersist(DefaultPersistEventListener.java:55)
	at org.hibernate.event.service.internal.EventListenerGroupImpl.fireEventOnEachListener(EventListenerGroupImpl.java:127)
	at org.hibernate.internal.SessionImpl.firePersist(SessionImpl.java:761)
	at org.hibernate.internal.SessionImpl.persist(SessionImpl.java:745)
	at java.base/jdk.internal.reflect.NativeMethodAccessorImpl.invoke0(Native Method)
	at java.base/jdk.internal.reflect.NativeMethodAccessorImpl.invoke(NativeMethodAccessorImpl.java:77)
	at java.base/jdk.internal.reflect.DelegatingMethodAccessorImpl.invoke(DelegatingMethodAccessorImpl.java:43)
	at java.base/java.lang.reflect.Method.invoke(Method.java:568)
	at org.springframework.orm.jpa.ExtendedEntityManagerCreator$ExtendedEntityManagerInvocationHandler.invoke(ExtendedEntityManagerCreator.java:364)
	at jdk.proxy4/jdk.proxy4.$Proxy152.persist(Unknown Source)
	at java.base/jdk.internal.reflect.NativeMethodAccessorImpl.invoke0(Native Method)
	at java.base/jdk.internal.reflect.NativeMethodAccessorImpl.invoke(NativeMethodAccessorImpl.java:77)
	at java.base/jdk.internal.reflect.DelegatingMethodAccessorImpl.invoke(DelegatingMethodAccessorImpl.java:43)
	at java.base/java.lang.reflect.Method.invoke(Method.java:568)
	at org.springframework.orm.jpa.SharedEntityManagerCreator$SharedEntityManagerInvocationHandler.invoke(SharedEntityManagerCreator.java:320)
	at jdk.proxy4/jdk.proxy4.$Proxy152.persist(Unknown Source)
	at org.springframework.data.jpa.repository.support.SimpleJpaRepository.save(SimpleJpaRepository.java:654)
	at java.base/jdk.internal.reflect.NativeMethodAccessorImpl.invoke0(Native Method)
	at java.base/jdk.internal.reflect.NativeMethodAccessorImpl.invoke(NativeMethodAccessorImpl.java:77)
	at java.base/jdk.internal.reflect.DelegatingMethodAccessorImpl.invoke(DelegatingMethodAccessorImpl.java:43)
	at java.base/java.lang.reflect.Method.invoke(Method.java:568)
	at org.springframework.aop.support.AopUtils.invokeJoinpointUsingReflection(AopUtils.java:360)
	at org.springframework.data.repository.core.support.RepositoryMethodInvoker$RepositoryFragmentMethodInvoker.lambda$new$0(RepositoryMethodInvoker.java:277)
	at org.springframework.data.repository.core.support.RepositoryMethodInvoker.doInvoke(RepositoryMethodInvoker.java:170)
	at org.springframework.data.repository.core.support.RepositoryMethodInvoker.invoke(RepositoryMethodInvoker.java:158)
	at org.springframework.data.repository.core.support.RepositoryComposition$RepositoryFragments.invoke(RepositoryComposition.java:515)
	at org.springframework.data.repository.core.support.RepositoryComposition.invoke(RepositoryComposition.java:284)
	at org.springframework.data.repository.core.support.RepositoryFactorySupport$ImplementationMethodExecutionInterceptor.invoke(RepositoryFactorySupport.java:720)
	at org.springframework.aop.framework.ReflectiveMethodInvocation.proceed(ReflectiveMethodInvocation.java:184)
	at org.springframework.data.repository.core.support.QueryExecutorMethodInterceptor.doInvoke(QueryExecutorMethodInterceptor.java:174)
	at org.springframework.data.repository.core.support.QueryExecutorMethodInterceptor.invoke(QueryExecutorMethodInterceptor.java:149)
	at org.springframework.aop.framework.ReflectiveMethodInvocation.proceed(ReflectiveMethodInvocation.java:184)
	at org.springframework.data.projection.DefaultMethodInvokingMethodInterceptor.invoke(DefaultMethodInvokingMethodInterceptor.java:69)
	at org.springframework.aop.framework.ReflectiveMethodInvocation.proceed(ReflectiveMethodInvocation.java:184)
	at org.springframework.transaction.interceptor.TransactionAspectSupport.invokeWithinTransaction(TransactionAspectSupport.java:380)
	at org.springframework.transaction.interceptor.TransactionInterceptor.invoke(TransactionInterceptor.java:119)
	at org.springframework.aop.framework.ReflectiveMethodInvocation.proceed(ReflectiveMethodInvocation.java:184)
	at org.springframework.dao.support.PersistenceExceptionTranslationInterceptor.invoke(PersistenceExceptionTranslationInterceptor.java:138)
	... 128 common frames omitted
Caused by: org.postgresql.util.PSQLException: ERROR: null value in column "created_at" of relation "info" violates not-null constraint
  Detail: Failing row contains (3, 16495, FREE, null, http://localhost:8093/images/2026/05/24e5847a-023b-410a-9ae5-9d2..., null, 유키노시타 허벅지 핥핥, null, 2).
	at org.postgresql.core.v3.QueryExecutorImpl.receiveErrorResponse(QueryExecutorImpl.java:2875)
	at org.postgresql.core.v3.QueryExecutorImpl.processResults(QueryExecutorImpl.java:2560)
	at org.postgresql.core.v3.QueryExecutorImpl.execute(QueryExecutorImpl.java:429)
	at org.postgresql.jdbc.PgStatement.executeInternal(PgStatement.java:526)
	at org.postgresql.jdbc.PgStatement.execute(PgStatement.java:436)
	at org.postgresql.jdbc.PgPreparedStatement.executeWithFlags(PgPreparedStatement.java:196)
	at org.postgresql.jdbc.PgPreparedStatement.executeUpdate(PgPreparedStatement.java:157)
	at com.zaxxer.hikari.pool.ProxyPreparedStatement.executeUpdate(ProxyPreparedStatement.java:61)
	at com.zaxxer.hikari.pool.HikariProxyPreparedStatement.executeUpdate(HikariProxyPreparedStatement.java)
	at org.hibernate.engine.jdbc.internal.ResultSetReturnImpl.executeUpdate(ResultSetReturnImpl.java:194)
	... 184 common frames omitted
2026-05-19 17:03:38 WARN  [http-nio-8093-exec-10] o.s.w.s.m.m.a.ExceptionHandlerExceptionResolver - Resolved [org.springframework.dao.DataIntegrityViolationException: could not execute statement [ERROR: null value in column "created_at" of relation "info" violates not-null constraint<EOL>  Detail: Failing row contains (3, 16495, FREE, null, http://localhost:8093/images/2026/05/24e5847a-023b-410a-9ae5-9d2..., null, 유키노시타 허벅지 핥핥, null, 2).] [insert into info (author_id,body,category,created_at,image_url,summary,title,updated_at) values (?,?,?,?,?,?,?,?)]; SQL [insert into info (author_id,body,category,created_at,image_url,summary,title,updated_at) values (?,?,?,?,?,?,?,?)]; constraint [created_at" of relation "info]]
2026-05-19 17:04:20 DEBUG [http-nio-8093-exec-9] org.hibernate.SQL - 
    select
        u1_0.id,
        u1_0.created_at,
        u1_0.email,
        u1_0.nickname,
        u1_0.password,
        u1_0.role,
        u1_0.updated_at 
    from
        users u1_0 
    where
        u1_0.id=?
2026-05-19 17:04:20 TRACE [http-nio-8093-exec-9] org.hibernate.orm.jdbc.bind - binding parameter (1:BIGINT) <- [2]
2026-05-19 17:04:20 DEBUG [http-nio-8093-exec-9] org.hibernate.SQL - 
    insert 
    into
        info
        (author_id, body, category, created_at, image_url, summary, title, updated_at) 
    values
        (?, ?, ?, ?, ?, ?, ?, ?)
2026-05-19 17:04:20 TRACE [http-nio-8093-exec-9] org.hibernate.orm.jdbc.bind - binding parameter (1:BIGINT) <- [2]
2026-05-19 17:04:20 TRACE [http-nio-8093-exec-9] org.hibernate.orm.jdbc.bind - binding parameter (2:CLOB) <- [
![유키노시타](file:///C:/Users/user/Desktop/%E3%85%82%E3%85%8C%E3%85%8E%E3%85%81/%EA%B3%B5%EB%B6%80%EB%AA%A8%EC%9D%8C/img/legs1.png)

허벅지 핥핥]
2026-05-19 17:04:20 TRACE [http-nio-8093-exec-9] org.hibernate.orm.jdbc.bind - binding parameter (3:VARCHAR) <- [FREE]
2026-05-19 17:04:20 TRACE [http-nio-8093-exec-9] org.hibernate.orm.jdbc.bind - binding parameter (4:TIMESTAMP) <- [null]
2026-05-19 17:04:20 TRACE [http-nio-8093-exec-9] org.hibernate.orm.jdbc.bind - binding parameter (5:VARCHAR) <- [http://localhost:8093/images/2026/05/24e5847a-023b-410a-9ae5-9d2a5138fe2c.jpg]
2026-05-19 17:04:20 TRACE [http-nio-8093-exec-9] org.hibernate.orm.jdbc.bind - binding parameter (6:VARCHAR) <- [null]
2026-05-19 17:04:20 TRACE [http-nio-8093-exec-9] org.hibernate.orm.jdbc.bind - binding parameter (7:VARCHAR) <- [유키노시타 허벅지 핥핥]
2026-05-19 17:04:20 TRACE [http-nio-8093-exec-9] org.hibernate.orm.jdbc.bind - binding parameter (8:TIMESTAMP) <- [null]
2026-05-19 17:04:20 WARN  [http-nio-8093-exec-9] o.h.e.jdbc.spi.SqlExceptionHelper - SQL Error: 0, SQLState: 23502
2026-05-19 17:04:20 ERROR [http-nio-8093-exec-9] o.h.e.jdbc.spi.SqlExceptionHelper - ERROR: null value in column "created_at" of relation "info" violates not-null constraint
  Detail: Failing row contains (4, 16496, FREE, null, http://localhost:8093/images/2026/05/24e5847a-023b-410a-9ae5-9d2..., null, 유키노시타 허벅지 핥핥, null, 2).
2026-05-19 17:04:20 ERROR [http-nio-8093-exec-9] c.h.b.e.GlobalExceptionHandler - Unhanled
org.springframework.dao.DataIntegrityViolationException: could not execute statement [ERROR: null value in column "created_at" of relation "info" violates not-null constraint
  Detail: Failing row contains (4, 16496, FREE, null, http://localhost:8093/images/2026/05/24e5847a-023b-410a-9ae5-9d2..., null, 유키노시타 허벅지 핥핥, null, 2).] [insert into info (author_id,body,category,created_at,image_url,summary,title,updated_at) values (?,?,?,?,?,?,?,?)]; SQL [insert into info (author_id,body,category,created_at,image_url,summary,title,updated_at) values (?,?,?,?,?,?,?,?)]; constraint [created_at" of relation "info]
	at org.springframework.orm.jpa.vendor.HibernateJpaDialect.convertHibernateAccessException(HibernateJpaDialect.java:294)
	at org.springframework.orm.jpa.vendor.HibernateJpaDialect.convertHibernateAccessException(HibernateJpaDialect.java:256)
	at org.springframework.orm.jpa.vendor.HibernateJpaDialect.translateExceptionIfPossible(HibernateJpaDialect.java:241)
	at org.springframework.orm.jpa.AbstractEntityManagerFactoryBean.translateExceptionIfPossible(AbstractEntityManagerFactoryBean.java:560)
	at org.springframework.dao.support.ChainedPersistenceExceptionTranslator.translateExceptionIfPossible(ChainedPersistenceExceptionTranslator.java:61)
	at org.springframework.dao.support.DataAccessUtils.translateIfNecessary(DataAccessUtils.java:343)
	at org.springframework.dao.support.PersistenceExceptionTranslationInterceptor.invoke(PersistenceExceptionTranslationInterceptor.java:160)
	at org.springframework.aop.framework.ReflectiveMethodInvocation.proceed(ReflectiveMethodInvocation.java:184)
	at org.springframework.data.jpa.repository.support.CrudMethodMetadataPostProcessor$CrudMethodMetadataPopulatingMethodInterceptor.invoke(CrudMethodMetadataPostProcessor.java:165)
	at org.springframework.aop.framework.ReflectiveMethodInvocation.proceed(ReflectiveMethodInvocation.java:184)
	at org.springframework.aop.framework.JdkDynamicAopProxy.invoke(JdkDynamicAopProxy.java:223)
	at jdk.proxy4/jdk.proxy4.$Proxy170.save(Unknown Source)
	at com.hub.backend.service.InfoService.create(InfoService.java:62)
	at java.base/jdk.internal.reflect.NativeMethodAccessorImpl.invoke0(Native Method)
	at java.base/jdk.internal.reflect.NativeMethodAccessorImpl.invoke(NativeMethodAccessorImpl.java:77)
	at java.base/jdk.internal.reflect.DelegatingMethodAccessorImpl.invoke(DelegatingMethodAccessorImpl.java:43)
	at java.base/java.lang.reflect.Method.invoke(Method.java:568)
	at org.springframework.aop.support.AopUtils.invokeJoinpointUsingReflection(AopUtils.java:360)
	at org.springframework.aop.framework.ReflectiveMethodInvocation.invokeJoinpoint(ReflectiveMethodInvocation.java:196)
	at org.springframework.aop.framework.ReflectiveMethodInvocation.proceed(ReflectiveMethodInvocation.java:163)
	at org.springframework.transaction.interceptor.TransactionAspectSupport.invokeWithinTransaction(TransactionAspectSupport.java:380)
	at org.springframework.transaction.interceptor.TransactionInterceptor.invoke(TransactionInterceptor.java:119)
	at org.springframework.aop.framework.ReflectiveMethodInvocation.proceed(ReflectiveMethodInvocation.java:184)
	at org.springframework.aop.framework.CglibAopProxy$DynamicAdvisedInterceptor.intercept(CglibAopProxy.java:728)
	at com.hub.backend.service.InfoService$$SpringCGLIB$$0.create(<generated>)
	at com.hub.backend.controller.InfoController.create(InfoController.java:53)
	at java.base/jdk.internal.reflect.NativeMethodAccessorImpl.invoke0(Native Method)
	at java.base/jdk.internal.reflect.NativeMethodAccessorImpl.invoke(NativeMethodAccessorImpl.java:77)
	at java.base/jdk.internal.reflect.DelegatingMethodAccessorImpl.invoke(DelegatingMethodAccessorImpl.java:43)
	at java.base/java.lang.reflect.Method.invoke(Method.java:568)
	at org.springframework.web.method.support.InvocableHandlerMethod.doInvoke(InvocableHandlerMethod.java:258)
	at org.springframework.web.method.support.InvocableHandlerMethod.invokeForRequest(InvocableHandlerMethod.java:191)
	at org.springframework.web.servlet.mvc.method.annotation.ServletInvocableHandlerMethod.invokeAndHandle(ServletInvocableHandlerMethod.java:118)
	at org.springframework.web.servlet.mvc.method.annotation.RequestMappingHandlerAdapter.invokeHandlerMethod(RequestMappingHandlerAdapter.java:991)
	at org.springframework.web.servlet.mvc.method.annotation.RequestMappingHandlerAdapter.handleInternal(RequestMappingHandlerAdapter.java:896)
	at org.springframework.web.servlet.mvc.method.AbstractHandlerMethodAdapter.handle(AbstractHandlerMethodAdapter.java:87)
	at org.springframework.web.servlet.DispatcherServlet.doDispatch(DispatcherServlet.java:1089)
	at org.springframework.web.servlet.DispatcherServlet.doService(DispatcherServlet.java:979)
	at org.springframework.web.servlet.FrameworkServlet.processRequest(FrameworkServlet.java:1014)
	at org.springframework.web.servlet.FrameworkServlet.doPost(FrameworkServlet.java:914)
	at jakarta.servlet.http.HttpServlet.service(HttpServlet.java:590)
	at org.springframework.web.servlet.FrameworkServlet.service(FrameworkServlet.java:885)
	at jakarta.servlet.http.HttpServlet.service(HttpServlet.java:658)
	at org.apache.catalina.core.ApplicationFilterChain.internalDoFilter(ApplicationFilterChain.java:193)
	at org.apache.catalina.core.ApplicationFilterChain.doFilter(ApplicationFilterChain.java:138)
	at org.apache.tomcat.websocket.server.WsFilter.doFilter(WsFilter.java:51)
	at org.apache.catalina.core.ApplicationFilterChain.internalDoFilter(ApplicationFilterChain.java:162)
	at org.apache.catalina.core.ApplicationFilterChain.doFilter(ApplicationFilterChain.java:138)
	at org.springframework.web.filter.OncePerRequestFilter.doFilter(OncePerRequestFilter.java:110)
	at org.apache.catalina.core.ApplicationFilterChain.internalDoFilter(ApplicationFilterChain.java:162)
	at org.apache.catalina.core.ApplicationFilterChain.doFilter(ApplicationFilterChain.java:138)
	at org.springframework.web.filter.CompositeFilter$VirtualFilterChain.doFilter(CompositeFilter.java:108)
	at org.springframework.web.filter.CompositeFilter$VirtualFilterChain.doFilter(CompositeFilter.java:108)
	at org.springframework.security.web.FilterChainProxy.lambda$doFilterInternal$3(FilterChainProxy.java:231)
	at org.springframework.security.web.FilterChainProxy$VirtualFilterChain.doFilter(FilterChainProxy.java:370)
	at org.springframework.security.web.access.intercept.AuthorizationFilter.doFilter(AuthorizationFilter.java:101)
	at org.springframework.security.web.FilterChainProxy$VirtualFilterChain.doFilter(FilterChainProxy.java:379)
	at org.springframework.security.web.access.ExceptionTranslationFilter.doFilter(ExceptionTranslationFilter.java:125)
	at org.springframework.security.web.access.ExceptionTranslationFilter.doFilter(ExceptionTranslationFilter.java:119)
	at org.springframework.security.web.FilterChainProxy$VirtualFilterChain.doFilter(FilterChainProxy.java:379)
	at org.springframework.security.web.session.SessionManagementFilter.doFilter(SessionManagementFilter.java:131)
	at org.springframework.security.web.session.SessionManagementFilter.doFilter(SessionManagementFilter.java:85)
	at org.springframework.security.web.FilterChainProxy$VirtualFilterChain.doFilter(FilterChainProxy.java:379)
	at org.springframework.security.web.authentication.AnonymousAuthenticationFilter.doFilter(AnonymousAuthenticationFilter.java:100)
	at org.springframework.security.web.FilterChainProxy$VirtualFilterChain.doFilter(FilterChainProxy.java:379)
	at org.springframework.security.web.servletapi.SecurityContextHolderAwareRequestFilter.doFilter(SecurityContextHolderAwareRequestFilter.java:179)
	at org.springframework.security.web.FilterChainProxy$VirtualFilterChain.doFilter(FilterChainProxy.java:379)
	at org.springframework.security.web.savedrequest.RequestCacheAwareFilter.doFilter(RequestCacheAwareFilter.java:63)
	at org.springframework.security.web.FilterChainProxy$VirtualFilterChain.doFilter(FilterChainProxy.java:379)
	at com.hub.backend.security.JwtAuthenticationFilter.doFilterInternal(JwtAuthenticationFilter.java:56)
	at org.springframework.web.filter.OncePerRequestFilter.doFilter(OncePerRequestFilter.java:116)
	at org.springframework.security.web.FilterChainProxy$VirtualFilterChain.doFilter(FilterChainProxy.java:379)
	at org.springframework.security.web.authentication.logout.LogoutFilter.doFilter(LogoutFilter.java:107)
	at org.springframework.security.web.authentication.logout.LogoutFilter.doFilter(LogoutFilter.java:93)
	at org.springframework.security.web.FilterChainProxy$VirtualFilterChain.doFilter(FilterChainProxy.java:379)
	at org.springframework.web.filter.CorsFilter.doFilterInternal(CorsFilter.java:91)
	at org.springframework.web.filter.OncePerRequestFilter.doFilter(OncePerRequestFilter.java:116)
	at org.springframework.security.web.FilterChainProxy$VirtualFilterChain.doFilter(FilterChainProxy.java:379)
	at org.springframework.security.web.header.HeaderWriterFilter.doHeadersAfter(HeaderWriterFilter.java:90)
	at org.springframework.security.web.header.HeaderWriterFilter.doFilterInternal(HeaderWriterFilter.java:75)
	at org.springframework.web.filter.OncePerRequestFilter.doFilter(OncePerRequestFilter.java:116)
	at org.springframework.security.web.FilterChainProxy$VirtualFilterChain.doFilter(FilterChainProxy.java:379)
	at org.springframework.security.web.context.SecurityContextHolderFilter.doFilter(SecurityContextHolderFilter.java:82)
	at org.springframework.security.web.context.SecurityContextHolderFilter.doFilter(SecurityContextHolderFilter.java:69)
	at org.springframework.security.web.FilterChainProxy$VirtualFilterChain.doFilter(FilterChainProxy.java:379)
	at org.springframework.security.web.context.request.async.WebAsyncManagerIntegrationFilter.doFilterInternal(WebAsyncManagerIntegrationFilter.java:62)
	at org.springframework.web.filter.OncePerRequestFilter.doFilter(OncePerRequestFilter.java:116)
	at org.springframework.security.web.FilterChainProxy$VirtualFilterChain.doFilter(FilterChainProxy.java:379)
	at org.springframework.security.web.session.DisableEncodeUrlFilter.doFilterInternal(DisableEncodeUrlFilter.java:42)
	at org.springframework.web.filter.OncePerRequestFilter.doFilter(OncePerRequestFilter.java:116)
	at org.springframework.security.web.FilterChainProxy$VirtualFilterChain.doFilter(FilterChainProxy.java:379)
	at org.springframework.security.web.FilterChainProxy.doFilterInternal(FilterChainProxy.java:233)
	at org.springframework.security.web.FilterChainProxy.doFilter(FilterChainProxy.java:191)
	at org.springframework.web.filter.CompositeFilter$VirtualFilterChain.doFilter(CompositeFilter.java:113)
	at org.springframework.web.filter.ServletRequestPathFilter.doFilter(ServletRequestPathFilter.java:52)
	at org.springframework.web.filter.CompositeFilter$VirtualFilterChain.doFilter(CompositeFilter.java:113)
	at org.springframework.web.filter.CompositeFilter.doFilter(CompositeFilter.java:74)
	at org.springframework.security.config.annotation.web.configuration.WebSecurityConfiguration$CompositeFilterChainProxy.doFilter(WebSecurityConfiguration.java:319)
	at org.springframework.web.filter.CompositeFilter$VirtualFilterChain.doFilter(CompositeFilter.java:113)
	at org.springframework.web.servlet.handler.HandlerMappingIntrospector.lambda$createCacheFilter$4(HandlerMappingIntrospector.java:267)
	at org.springframework.web.filter.CompositeFilter$VirtualFilterChain.doFilter(CompositeFilter.java:113)
	at org.springframework.web.filter.CompositeFilter.doFilter(CompositeFilter.java:74)
	at org.springframework.security.config.annotation.web.configuration.WebMvcSecurityConfiguration$CompositeFilterChainProxy.doFilter(WebMvcSecurityConfiguration.java:240)
	at org.springframework.web.filter.DelegatingFilterProxy.invokeDelegate(DelegatingFilterProxy.java:362)
	at org.springframework.web.filter.DelegatingFilterProxy.doFilter(DelegatingFilterProxy.java:278)
	at org.apache.catalina.core.ApplicationFilterChain.internalDoFilter(ApplicationFilterChain.java:162)
	at org.apache.catalina.core.ApplicationFilterChain.doFilter(ApplicationFilterChain.java:138)
	at org.springframework.web.filter.RequestContextFilter.doFilterInternal(RequestContextFilter.java:100)
	at org.springframework.web.filter.OncePerRequestFilter.doFilter(OncePerRequestFilter.java:116)
	at org.apache.catalina.core.ApplicationFilterChain.internalDoFilter(ApplicationFilterChain.java:162)
	at org.apache.catalina.core.ApplicationFilterChain.doFilter(ApplicationFilterChain.java:138)
	at org.springframework.web.filter.FormContentFilter.doFilterInternal(FormContentFilter.java:93)
	at org.springframework.web.filter.OncePerRequestFilter.doFilter(OncePerRequestFilter.java:116)
	at org.apache.catalina.core.ApplicationFilterChain.internalDoFilter(ApplicationFilterChain.java:162)
	at org.apache.catalina.core.ApplicationFilterChain.doFilter(ApplicationFilterChain.java:138)
	at org.springframework.web.filter.CharacterEncodingFilter.doFilterInternal(CharacterEncodingFilter.java:201)
	at org.springframework.web.filter.OncePerRequestFilter.doFilter(OncePerRequestFilter.java:116)
	at org.apache.catalina.core.ApplicationFilterChain.internalDoFilter(ApplicationFilterChain.java:162)
	at org.apache.catalina.core.ApplicationFilterChain.doFilter(ApplicationFilterChain.java:138)
	at org.apache.catalina.core.StandardWrapperValve.invoke(StandardWrapperValve.java:165)
	at org.apache.catalina.core.StandardContextValve.invoke(StandardContextValve.java:88)
	at org.apache.catalina.authenticator.AuthenticatorBase.invoke(AuthenticatorBase.java:492)
	at org.apache.catalina.core.StandardHostValve.invoke(StandardHostValve.java:113)
	at org.apache.catalina.valves.ErrorReportValve.invoke(ErrorReportValve.java:83)
	at org.apache.catalina.core.StandardEngineValve.invoke(StandardEngineValve.java:72)
	at org.apache.catalina.connector.CoyoteAdapter.service(CoyoteAdapter.java:342)
	at org.apache.coyote.http11.Http11Processor.service(Http11Processor.java:399)
	at org.apache.coyote.AbstractProcessorLight.process(AbstractProcessorLight.java:63)
	at org.apache.coyote.AbstractProtocol$ConnectionHandler.process(AbstractProtocol.java:903)
	at org.apache.tomcat.util.net.NioEndpoint$SocketProcessor.doRun(NioEndpoint.java:1797)
	at org.apache.tomcat.util.net.SocketProcessorBase.run(SocketProcessorBase.java:52)
	at org.apache.tomcat.util.threads.ThreadPoolExecutor.runWorker(ThreadPoolExecutor.java:973)
	at org.apache.tomcat.util.threads.ThreadPoolExecutor$Worker.run(ThreadPoolExecutor.java:491)
	at org.apache.tomcat.util.threads.TaskThread$WrappingRunnable.run(TaskThread.java:63)
	at java.base/java.lang.Thread.run(Thread.java:842)
Caused by: org.hibernate.exception.ConstraintViolationException: could not execute statement [ERROR: null value in column "created_at" of relation "info" violates not-null constraint
  Detail: Failing row contains (4, 16496, FREE, null, http://localhost:8093/images/2026/05/24e5847a-023b-410a-9ae5-9d2..., null, 유키노시타 허벅지 핥핥, null, 2).] [insert into info (author_id,body,category,created_at,image_url,summary,title,updated_at) values (?,?,?,?,?,?,?,?)]
	at org.hibernate.exception.internal.SQLStateConversionDelegate.convert(SQLStateConversionDelegate.java:97)
	at org.hibernate.exception.internal.StandardSQLExceptionConverter.convert(StandardSQLExceptionConverter.java:58)
	at org.hibernate.engine.jdbc.spi.SqlExceptionHelper.convert(SqlExceptionHelper.java:108)
	at org.hibernate.engine.jdbc.internal.ResultSetReturnImpl.executeUpdate(ResultSetReturnImpl.java:197)
	at org.hibernate.id.insert.GetGeneratedKeysDelegate.performMutation(GetGeneratedKeysDelegate.java:116)
	at org.hibernate.engine.jdbc.mutation.internal.MutationExecutorSingleNonBatched.performNonBatchedOperations(MutationExecutorSingleNonBatched.java:47)
	at org.hibernate.engine.jdbc.mutation.internal.AbstractMutationExecutor.execute(AbstractMutationExecutor.java:55)
	at org.hibernate.persister.entity.mutation.InsertCoordinatorStandard.doStaticInserts(InsertCoordinatorStandard.java:194)
	at org.hibernate.persister.entity.mutation.InsertCoordinatorStandard.coordinateInsert(InsertCoordinatorStandard.java:132)
	at org.hibernate.persister.entity.mutation.InsertCoordinatorStandard.insert(InsertCoordinatorStandard.java:95)
	at org.hibernate.action.internal.EntityIdentityInsertAction.execute(EntityIdentityInsertAction.java:85)
	at org.hibernate.engine.spi.ActionQueue.execute(ActionQueue.java:682)
	at org.hibernate.engine.spi.ActionQueue.addResolvedEntityInsertAction(ActionQueue.java:293)
	at org.hibernate.engine.spi.ActionQueue.addInsertAction(ActionQueue.java:274)
	at org.hibernate.engine.spi.ActionQueue.addAction(ActionQueue.java:324)
	at org.hibernate.event.internal.AbstractSaveEventListener.addInsertAction(AbstractSaveEventListener.java:394)
	at org.hibernate.event.internal.AbstractSaveEventListener.performSaveOrReplicate(AbstractSaveEventListener.java:308)
	at org.hibernate.event.internal.AbstractSaveEventListener.performSave(AbstractSaveEventListener.java:224)
	at org.hibernate.event.internal.AbstractSaveEventListener.saveWithGeneratedId(AbstractSaveEventListener.java:136)
	at org.hibernate.event.internal.DefaultPersistEventListener.entityIsTransient(DefaultPersistEventListener.java:177)
	at org.hibernate.event.internal.DefaultPersistEventListener.persist(DefaultPersistEventListener.java:95)
	at org.hibernate.event.internal.DefaultPersistEventListener.onPersist(DefaultPersistEventListener.java:79)
	at org.hibernate.event.internal.DefaultPersistEventListener.onPersist(DefaultPersistEventListener.java:55)
	at org.hibernate.event.service.internal.EventListenerGroupImpl.fireEventOnEachListener(EventListenerGroupImpl.java:127)
	at org.hibernate.internal.SessionImpl.firePersist(SessionImpl.java:761)
	at org.hibernate.internal.SessionImpl.persist(SessionImpl.java:745)
	at java.base/jdk.internal.reflect.NativeMethodAccessorImpl.invoke0(Native Method)
	at java.base/jdk.internal.reflect.NativeMethodAccessorImpl.invoke(NativeMethodAccessorImpl.java:77)
	at java.base/jdk.internal.reflect.DelegatingMethodAccessorImpl.invoke(DelegatingMethodAccessorImpl.java:43)
	at java.base/java.lang.reflect.Method.invoke(Method.java:568)
	at org.springframework.orm.jpa.ExtendedEntityManagerCreator$ExtendedEntityManagerInvocationHandler.invoke(ExtendedEntityManagerCreator.java:364)
	at jdk.proxy4/jdk.proxy4.$Proxy152.persist(Unknown Source)
	at java.base/jdk.internal.reflect.NativeMethodAccessorImpl.invoke0(Native Method)
	at java.base/jdk.internal.reflect.NativeMethodAccessorImpl.invoke(NativeMethodAccessorImpl.java:77)
	at java.base/jdk.internal.reflect.DelegatingMethodAccessorImpl.invoke(DelegatingMethodAccessorImpl.java:43)
	at java.base/java.lang.reflect.Method.invoke(Method.java:568)
	at org.springframework.orm.jpa.SharedEntityManagerCreator$SharedEntityManagerInvocationHandler.invoke(SharedEntityManagerCreator.java:320)
	at jdk.proxy4/jdk.proxy4.$Proxy152.persist(Unknown Source)
	at org.springframework.data.jpa.repository.support.SimpleJpaRepository.save(SimpleJpaRepository.java:654)
	at java.base/jdk.internal.reflect.NativeMethodAccessorImpl.invoke0(Native Method)
	at java.base/jdk.internal.reflect.NativeMethodAccessorImpl.invoke(NativeMethodAccessorImpl.java:77)
	at java.base/jdk.internal.reflect.DelegatingMethodAccessorImpl.invoke(DelegatingMethodAccessorImpl.java:43)
	at java.base/java.lang.reflect.Method.invoke(Method.java:568)
	at org.springframework.aop.support.AopUtils.invokeJoinpointUsingReflection(AopUtils.java:360)
	at org.springframework.data.repository.core.support.RepositoryMethodInvoker$RepositoryFragmentMethodInvoker.lambda$new$0(RepositoryMethodInvoker.java:277)
	at org.springframework.data.repository.core.support.RepositoryMethodInvoker.doInvoke(RepositoryMethodInvoker.java:170)
	at org.springframework.data.repository.core.support.RepositoryMethodInvoker.invoke(RepositoryMethodInvoker.java:158)
	at org.springframework.data.repository.core.support.RepositoryComposition$RepositoryFragments.invoke(RepositoryComposition.java:515)
	at org.springframework.data.repository.core.support.RepositoryComposition.invoke(RepositoryComposition.java:284)
	at org.springframework.data.repository.core.support.RepositoryFactorySupport$ImplementationMethodExecutionInterceptor.invoke(RepositoryFactorySupport.java:720)
	at org.springframework.aop.framework.ReflectiveMethodInvocation.proceed(ReflectiveMethodInvocation.java:184)
	at org.springframework.data.repository.core.support.QueryExecutorMethodInterceptor.doInvoke(QueryExecutorMethodInterceptor.java:174)
	at org.springframework.data.repository.core.support.QueryExecutorMethodInterceptor.invoke(QueryExecutorMethodInterceptor.java:149)
	at org.springframework.aop.framework.ReflectiveMethodInvocation.proceed(ReflectiveMethodInvocation.java:184)
	at org.springframework.data.projection.DefaultMethodInvokingMethodInterceptor.invoke(DefaultMethodInvokingMethodInterceptor.java:69)
	at org.springframework.aop.framework.ReflectiveMethodInvocation.proceed(ReflectiveMethodInvocation.java:184)
	at org.springframework.transaction.interceptor.TransactionAspectSupport.invokeWithinTransaction(TransactionAspectSupport.java:380)
	at org.springframework.transaction.interceptor.TransactionInterceptor.invoke(TransactionInterceptor.java:119)
	at org.springframework.aop.framework.ReflectiveMethodInvocation.proceed(ReflectiveMethodInvocation.java:184)
	at org.springframework.dao.support.PersistenceExceptionTranslationInterceptor.invoke(PersistenceExceptionTranslationInterceptor.java:138)
	... 128 common frames omitted
Caused by: org.postgresql.util.PSQLException: ERROR: null value in column "created_at" of relation "info" violates not-null constraint
  Detail: Failing row contains (4, 16496, FREE, null, http://localhost:8093/images/2026/05/24e5847a-023b-410a-9ae5-9d2..., null, 유키노시타 허벅지 핥핥, null, 2).
	at org.postgresql.core.v3.QueryExecutorImpl.receiveErrorResponse(QueryExecutorImpl.java:2875)
	at org.postgresql.core.v3.QueryExecutorImpl.processResults(QueryExecutorImpl.java:2560)
	at org.postgresql.core.v3.QueryExecutorImpl.execute(QueryExecutorImpl.java:429)
	at org.postgresql.jdbc.PgStatement.executeInternal(PgStatement.java:526)
	at org.postgresql.jdbc.PgStatement.execute(PgStatement.java:436)
	at org.postgresql.jdbc.PgPreparedStatement.executeWithFlags(PgPreparedStatement.java:196)
	at org.postgresql.jdbc.PgPreparedStatement.executeUpdate(PgPreparedStatement.java:157)
	at com.zaxxer.hikari.pool.ProxyPreparedStatement.executeUpdate(ProxyPreparedStatement.java:61)
	at com.zaxxer.hikari.pool.HikariProxyPreparedStatement.executeUpdate(HikariProxyPreparedStatement.java)
	at org.hibernate.engine.jdbc.internal.ResultSetReturnImpl.executeUpdate(ResultSetReturnImpl.java:194)
	... 184 common frames omitted
2026-05-19 17:04:20 WARN  [http-nio-8093-exec-9] o.s.w.s.m.m.a.ExceptionHandlerExceptionResolver - Resolved [org.springframework.dao.DataIntegrityViolationException: could not execute statement [ERROR: null value in column "created_at" of relation "info" violates not-null constraint<EOL>  Detail: Failing row contains (4, 16496, FREE, null, http://localhost:8093/images/2026/05/24e5847a-023b-410a-9ae5-9d2..., null, 유키노시타 허벅지 핥핥, null, 2).] [insert into info (author_id,body,category,created_at,image_url,summary,title,updated_at) values (?,?,?,?,?,?,?,?)]; SQL [insert into info (author_id,body,category,created_at,image_url,summary,title,updated_at) values (?,?,?,?,?,?,?,?)]; constraint [created_at" of relation "info]]
2026-05-19 17:08:10 INFO  [RMI TCP Connection(17)-127.0.0.1] o.s.b.a.SpringApplicationAdminMXBeanRegistrar$SpringApplicationAdmin - Application shutdown requested.
2026-05-19 17:08:10 INFO  [RMI TCP Connection(17)-127.0.0.1] o.s.b.w.e.tomcat.GracefulShutdown - Commencing graceful shutdown. Waiting for active requests to complete
2026-05-19 17:08:10 INFO  [tomcat-shutdown] o.s.b.w.e.tomcat.GracefulShutdown - Graceful shutdown complete
2026-05-19 17:08:10 INFO  [RMI TCP Connection(17)-127.0.0.1] o.s.o.j.LocalContainerEntityManagerFactoryBean - Closing JPA EntityManagerFactory for persistence unit 'default'
2026-05-19 17:08:10 INFO  [RMI TCP Connection(17)-127.0.0.1] com.zaxxer.hikari.HikariDataSource - HikariPool-1 - Shutdown initiated...
2026-05-19 17:08:10 INFO  [RMI TCP Connection(17)-127.0.0.1] com.zaxxer.hikari.HikariDataSource - HikariPool-1 - Shutdown completed.
2026-05-19 17:08:18 INFO  [restartedMain] com.hub.backend.BackendApplication - Starting BackendApplication using Java 17.0.12 with PID 37516 (C:\infonowapp\backend\bin\main started by user in C:\infonowapp\backend)
2026-05-19 17:08:18 INFO  [restartedMain] com.hub.backend.BackendApplication - The following 1 profile is active: "dev"
2026-05-19 17:08:18 INFO  [restartedMain] o.s.b.d.e.DevToolsPropertyDefaultsPostProcessor - Devtools property defaults active! Set 'spring.devtools.add-properties' to 'false' to disable
2026-05-19 17:08:18 INFO  [restartedMain] o.s.b.d.e.DevToolsPropertyDefaultsPostProcessor - For additional web related logging consider setting the 'logging.level.web' property to 'DEBUG'
2026-05-19 17:08:19 INFO  [restartedMain] o.s.d.r.c.RepositoryConfigurationDelegate - Multiple Spring Data modules found, entering strict repository configuration mode
2026-05-19 17:08:19 INFO  [restartedMain] o.s.d.r.c.RepositoryConfigurationDelegate - Bootstrapping Spring Data JPA repositories in DEFAULT mode.
2026-05-19 17:08:19 INFO  [restartedMain] o.s.d.r.c.RepositoryConfigurationDelegate - Finished Spring Data repository scanning in 131 ms. Found 5 JPA repository interfaces.
2026-05-19 17:08:19 INFO  [restartedMain] o.s.d.r.c.RepositoryConfigurationDelegate - Multiple Spring Data modules found, entering strict repository configuration mode
2026-05-19 17:08:19 INFO  [restartedMain] o.s.d.r.c.RepositoryConfigurationDelegate - Bootstrapping Spring Data Redis repositories in DEFAULT mode.
2026-05-19 17:08:19 INFO  [restartedMain] o.s.d.r.c.RepositoryConfigurationExtensionSupport - Spring Data Redis - Could not safely identify store assignment for repository candidate interface com.hub.backend.repository.CategoryRepository; If you want this repository to be a Redis repository, consider annotating your entities with one of these annotations: org.springframework.data.redis.core.RedisHash (preferred), or consider extending one of the following types with your repository: org.springframework.data.keyvalue.repository.KeyValueRepository
2026-05-19 17:08:19 INFO  [restartedMain] o.s.d.r.c.RepositoryConfigurationExtensionSupport - Spring Data Redis - Could not safely identify store assignment for repository candidate interface com.hub.backend.repository.CommentRepository; If you want this repository to be a Redis repository, consider annotating your entities with one of these annotations: org.springframework.data.redis.core.RedisHash (preferred), or consider extending one of the following types with your repository: org.springframework.data.keyvalue.repository.KeyValueRepository
2026-05-19 17:08:19 INFO  [restartedMain] o.s.d.r.c.RepositoryConfigurationExtensionSupport - Spring Data Redis - Could not safely identify store assignment for repository candidate interface com.hub.backend.repository.InfoRepository; If you want this repository to be a Redis repository, consider annotating your entities with one of these annotations: org.springframework.data.redis.core.RedisHash (preferred), or consider extending one of the following types with your repository: org.springframework.data.keyvalue.repository.KeyValueRepository
2026-05-19 17:08:19 INFO  [restartedMain] o.s.d.r.c.RepositoryConfigurationExtensionSupport - Spring Data Redis - Could not safely identify store assignment for repository candidate interface com.hub.backend.repository.PostRepository; If you want this repository to be a Redis repository, consider annotating your entities with one of these annotations: org.springframework.data.redis.core.RedisHash (preferred), or consider extending one of the following types with your repository: org.springframework.data.keyvalue.repository.KeyValueRepository
2026-05-19 17:08:19 INFO  [restartedMain] o.s.d.r.c.RepositoryConfigurationExtensionSupport - Spring Data Redis - Could not safely identify store assignment for repository candidate interface com.hub.backend.repository.UserRepository; If you want this repository to be a Redis repository, consider annotating your entities with one of these annotations: org.springframework.data.redis.core.RedisHash (preferred), or consider extending one of the following types with your repository: org.springframework.data.keyvalue.repository.KeyValueRepository
2026-05-19 17:08:19 INFO  [restartedMain] o.s.d.r.c.RepositoryConfigurationDelegate - Finished Spring Data repository scanning in 12 ms. Found 0 Redis repository interfaces.
2026-05-19 17:08:20 INFO  [restartedMain] o.s.b.w.e.tomcat.TomcatWebServer - Tomcat initialized with port 8093 (http)
2026-05-19 17:08:20 INFO  [restartedMain] o.a.catalina.core.StandardService - Starting service [Tomcat]
2026-05-19 17:08:20 INFO  [restartedMain] o.a.catalina.core.StandardEngine - Starting Servlet engine: [Apache Tomcat/10.1.54]
2026-05-19 17:08:20 INFO  [restartedMain] o.a.c.c.C.[Tomcat].[localhost].[/] - Initializing Spring embedded WebApplicationContext
2026-05-19 17:08:20 INFO  [restartedMain] o.s.b.w.s.c.ServletWebServerApplicationContext - Root WebApplicationContext: initialization completed in 1897 ms
2026-05-19 17:08:20 INFO  [restartedMain] o.h.jpa.internal.util.LogHelper - HHH000204: Processing PersistenceUnitInfo [name: default]
2026-05-19 17:08:20 INFO  [restartedMain] org.hibernate.Version - HHH000412: Hibernate ORM core version 6.6.49.Final
2026-05-19 17:08:21 INFO  [restartedMain] o.h.c.i.RegionFactoryInitiator - HHH000026: Second-level cache disabled
2026-05-19 17:08:21 INFO  [restartedMain] o.s.o.j.p.SpringPersistenceUnitInfo - No LoadTimeWeaver setup: ignoring JPA class transformer
2026-05-19 17:08:22 INFO  [restartedMain] com.zaxxer.hikari.HikariDataSource - HikariPool-1 - Starting...
2026-05-19 17:08:22 INFO  [restartedMain] com.zaxxer.hikari.pool.HikariPool - HikariPool-1 - Added connection org.postgresql.jdbc.PgConnection@23091460
2026-05-19 17:08:22 INFO  [restartedMain] com.zaxxer.hikari.HikariDataSource - HikariPool-1 - Start completed.
2026-05-19 17:08:22 INFO  [restartedMain] o.hibernate.orm.connections.pooling - HHH10001005: Database info:
	Database JDBC URL [Connecting through datasource 'HikariDataSource (HikariPool-1)']
	Database driver: undefined/unknown
	Database version: 16.13
	Autocommit mode: undefined/unknown
	Isolation level: undefined/unknown
	Minimum pool size: undefined/unknown
	Maximum pool size: undefined/unknown
2026-05-19 17:08:26 INFO  [restartedMain] o.h.e.t.j.p.i.JtaPlatformInitiator - HHH000489: No JTA platform available (set 'hibernate.transaction.jta.platform' to enable JTA platform integration)
2026-05-19 17:08:27 INFO  [restartedMain] o.s.o.j.LocalContainerEntityManagerFactoryBean - Initialized JPA EntityManagerFactory for persistence unit 'default'
2026-05-19 17:08:30 INFO  [restartedMain] o.s.d.j.r.query.QueryEnhancerFactory - Hibernate is in classpath; If applicable, HQL parser will be used.
2026-05-19 17:08:32 WARN  [restartedMain] o.s.b.a.o.j.JpaBaseConfiguration$JpaWebConfiguration - spring.jpa.open-in-view is enabled by default. Therefore, database queries may be performed during view rendering. Explicitly configure spring.jpa.open-in-view to disable this warning
2026-05-19 17:08:33 WARN  [restartedMain] o.s.b.a.s.s.UserDetailsServiceAutoConfiguration - 

Using generated security password: d2644eb1-5c46-499a-b0fc-f3ecad684649

This generated password is for development use only. Your security configuration must be updated before running your application in production.

2026-05-19 17:08:33 INFO  [restartedMain] o.s.s.c.a.a.c.InitializeUserDetailsBeanManagerConfigurer$InitializeUserDetailsManagerConfigurer - Global AuthenticationManager configured with UserDetailsService bean with name inMemoryUserDetailsManager
2026-05-19 17:08:33 INFO  [restartedMain] o.s.b.d.a.OptionalLiveReloadServer - LiveReload server is running on port 35729
2026-05-19 17:08:34 INFO  [restartedMain] o.s.b.w.e.tomcat.TomcatWebServer - Tomcat started on port 8093 (http) with context path '/'
2026-05-19 17:08:34 INFO  [restartedMain] com.hub.backend.BackendApplication - Started BackendApplication in 16.149 seconds (process running for 16.86)
2026-05-19 17:08:34 DEBUG [restartedMain] org.hibernate.SQL - 
    select
        c1_0.id 
    from
        categories c1_0 
    where
        c1_0.code=? 
    fetch
        first ? rows only
2026-05-19 17:08:34 TRACE [restartedMain] org.hibernate.orm.jdbc.bind - binding parameter (1:VARCHAR) <- [TREND]
2026-05-19 17:08:34 TRACE [restartedMain] org.hibernate.orm.jdbc.bind - binding parameter (2:INTEGER) <- [1]
2026-05-19 17:08:34 DEBUG [restartedMain] org.hibernate.SQL - 
    select
        c1_0.id 
    from
        categories c1_0 
    where
        c1_0.code=? 
    fetch
        first ? rows only
2026-05-19 17:08:34 TRACE [restartedMain] org.hibernate.orm.jdbc.bind - binding parameter (1:VARCHAR) <- [DEV]
2026-05-19 17:08:34 TRACE [restartedMain] org.hibernate.orm.jdbc.bind - binding parameter (2:INTEGER) <- [1]
2026-05-19 17:08:34 DEBUG [restartedMain] org.hibernate.SQL - 
    select
        c1_0.id 
    from
        categories c1_0 
    where
        c1_0.code=? 
    fetch
        first ? rows only
2026-05-19 17:08:34 TRACE [restartedMain] org.hibernate.orm.jdbc.bind - binding parameter (1:VARCHAR) <- [AI]
2026-05-19 17:08:34 TRACE [restartedMain] org.hibernate.orm.jdbc.bind - binding parameter (2:INTEGER) <- [1]
2026-05-19 17:08:34 DEBUG [restartedMain] org.hibernate.SQL - 
    select
        c1_0.id 
    from
        categories c1_0 
    where
        c1_0.code=? 
    fetch
        first ? rows only
2026-05-19 17:08:34 TRACE [restartedMain] org.hibernate.orm.jdbc.bind - binding parameter (1:VARCHAR) <- [FREE]
2026-05-19 17:08:34 TRACE [restartedMain] org.hibernate.orm.jdbc.bind - binding parameter (2:INTEGER) <- [1]
2026-05-19 17:09:23 INFO  [http-nio-8093-exec-1] o.a.c.c.C.[Tomcat].[localhost].[/] - Initializing Spring DispatcherServlet 'dispatcherServlet'
2026-05-19 17:09:23 INFO  [http-nio-8093-exec-1] o.s.web.servlet.DispatcherServlet - Initializing Servlet 'dispatcherServlet'
2026-05-19 17:09:23 INFO  [http-nio-8093-exec-1] o.s.web.servlet.DispatcherServlet - Completed initialization in 2 ms
2026-05-19 17:09:24 DEBUG [http-nio-8093-exec-1] org.hibernate.SQL - 
    select
        u1_0.id,
        u1_0.created_at,
        u1_0.email,
        u1_0.nickname,
        u1_0.password,
        u1_0.role,
        u1_0.updated_at 
    from
        users u1_0 
    where
        u1_0.email=?
2026-05-19 17:09:24 TRACE [http-nio-8093-exec-1] org.hibernate.orm.jdbc.bind - binding parameter (1:VARCHAR) <- [hello@world.com]
2026-05-19 17:09:26 DEBUG [http-nio-8093-exec-2] org.hibernate.SQL - 
    select
        i1_0.id,
        i1_0.author_id,
        a1_0.id,
        a1_0.created_at,
        a1_0.email,
        a1_0.nickname,
        a1_0.password,
        a1_0.role,
        a1_0.updated_at,
        i1_0.body,
        i1_0.category,
        i1_0.created_at,
        i1_0.image_url,
        i1_0.summary,
        i1_0.title,
        i1_0.updated_at 
    from
        info i1_0 
    join
        users a1_0 
            on a1_0.id=i1_0.author_id 
    order by
        i1_0.created_at desc 
    fetch
        first ? rows only
2026-05-19 17:09:26 TRACE [http-nio-8093-exec-2] org.hibernate.orm.jdbc.bind - binding parameter (1:INTEGER) <- [24]
2026-05-19 17:10:51 DEBUG [http-nio-8093-exec-5] org.hibernate.SQL - 
    select
        u1_0.id,
        u1_0.created_at,
        u1_0.email,
        u1_0.nickname,
        u1_0.password,
        u1_0.role,
        u1_0.updated_at 
    from
        users u1_0 
    where
        u1_0.id=?
2026-05-19 17:10:51 TRACE [http-nio-8093-exec-5] org.hibernate.orm.jdbc.bind - binding parameter (1:BIGINT) <- [2]
2026-05-19 17:10:51 DEBUG [http-nio-8093-exec-5] org.hibernate.SQL - 
    insert 
    into
        info
        (author_id, body, category, created_at, image_url, summary, title, updated_at) 
    values
        (?, ?, ?, ?, ?, ?, ?, ?)
2026-05-19 17:10:51 TRACE [http-nio-8093-exec-5] org.hibernate.orm.jdbc.bind - binding parameter (1:BIGINT) <- [2]
2026-05-19 17:10:51 TRACE [http-nio-8093-exec-5] org.hibernate.orm.jdbc.bind - binding parameter (2:CLOB) <- [그냥 올려봄

![이미지테스트](file:///C:/Users/user/Desktop/%E3%85%82%E3%85%8C%E3%85%8E%E3%85%81/%EA%B3%B5%EB%B6%80%EB%AA%A8%EC%9D%8C/img/kuzuma.webp)

카즈마 도게자]
2026-05-19 17:10:51 TRACE [http-nio-8093-exec-5] org.hibernate.orm.jdbc.bind - binding parameter (3:VARCHAR) <- [FREE]
2026-05-19 17:10:51 TRACE [http-nio-8093-exec-5] org.hibernate.orm.jdbc.bind - binding parameter (4:TIMESTAMP) <- [2026-05-19T17:10:51.672797]
2026-05-19 17:10:51 TRACE [http-nio-8093-exec-5] org.hibernate.orm.jdbc.bind - binding parameter (5:VARCHAR) <- [http://localhost:8093/images/2026/05/ce97f47e-6675-4a18-ba9c-68a6e5e5ec71.webp]
2026-05-19 17:10:51 TRACE [http-nio-8093-exec-5] org.hibernate.orm.jdbc.bind - binding parameter (6:VARCHAR) <- [null]
2026-05-19 17:10:51 TRACE [http-nio-8093-exec-5] org.hibernate.orm.jdbc.bind - binding parameter (7:VARCHAR) <- [유키노시타의 허벅지는 오일에 발려져있다.]
2026-05-19 17:10:51 TRACE [http-nio-8093-exec-5] org.hibernate.orm.jdbc.bind - binding parameter (8:TIMESTAMP) <- [2026-05-19T17:10:51.672797]
2026-05-19 17:10:51 DEBUG [http-nio-8093-exec-5] org.hibernate.SQL - 
    insert 
    into
        info_tag
        (info_id, tag) 
    values
        (?, ?)
2026-05-19 17:10:51 TRACE [http-nio-8093-exec-5] org.hibernate.orm.jdbc.bind - binding parameter (1:BIGINT) <- [5]
2026-05-19 17:10:51 TRACE [http-nio-8093-exec-5] org.hibernate.orm.jdbc.bind - binding parameter (2:VARCHAR) <- [허벅지]
2026-05-19 17:10:51 DEBUG [http-nio-8093-exec-5] org.hibernate.SQL - 
    insert 
    into
        info_tag
        (info_id, tag) 
    values
        (?, ?)
2026-05-19 17:10:51 TRACE [http-nio-8093-exec-5] org.hibernate.orm.jdbc.bind - binding parameter (1:BIGINT) <- [5]
2026-05-19 17:10:51 TRACE [http-nio-8093-exec-5] org.hibernate.orm.jdbc.bind - binding parameter (2:VARCHAR) <- [오일]
2026-05-19 17:10:51 DEBUG [http-nio-8093-exec-5] org.hibernate.SQL - 
    insert 
    into
        info_tag
        (info_id, tag) 
    values
        (?, ?)
2026-05-19 17:10:51 TRACE [http-nio-8093-exec-5] org.hibernate.orm.jdbc.bind - binding parameter (1:BIGINT) <- [5]
2026-05-19 17:10:51 TRACE [http-nio-8093-exec-5] org.hibernate.orm.jdbc.bind - binding parameter (2:VARCHAR) <- [그냥그렇다고]
2026-05-19 17:10:55 DEBUG [http-nio-8093-exec-7] org.hibernate.SQL - 
    select
        i1_0.id,
        i1_0.author_id,
        i1_0.body,
        i1_0.category,
        i1_0.created_at,
        i1_0.image_url,
        i1_0.summary,
        i1_0.title,
        i1_0.updated_at 
    from
        info i1_0 
    where
        i1_0.id=?
2026-05-19 17:10:55 TRACE [http-nio-8093-exec-7] org.hibernate.orm.jdbc.bind - binding parameter (1:BIGINT) <- [5]
2026-05-19 17:10:55 DEBUG [http-nio-8093-exec-7] org.hibernate.SQL - 
    select
        t1_0.info_id,
        t1_0.tag 
    from
        info_tag t1_0 
    where
        t1_0.info_id=?
2026-05-19 17:10:55 TRACE [http-nio-8093-exec-7] org.hibernate.orm.jdbc.bind - binding parameter (1:BIGINT) <- [5]
2026-05-19 17:10:55 DEBUG [http-nio-8093-exec-7] org.hibernate.SQL - 
    select
        u1_0.id,
        u1_0.created_at,
        u1_0.email,
        u1_0.nickname,
        u1_0.password,
        u1_0.role,
        u1_0.updated_at 
    from
        users u1_0 
    where
        u1_0.id=?
2026-05-19 17:10:55 TRACE [http-nio-8093-exec-7] org.hibernate.orm.jdbc.bind - binding parameter (1:BIGINT) <- [2]
2026-05-19 17:10:55 DEBUG [http-nio-8093-exec-8] org.hibernate.SQL - 
    select
        i1_0.id,
        i1_0.author_id,
        i1_0.body,
        i1_0.category,
        i1_0.created_at,
        i1_0.image_url,
        i1_0.summary,
        i1_0.title,
        i1_0.updated_at 
    from
        info i1_0 
    where
        i1_0.id=?
2026-05-19 17:10:55 TRACE [http-nio-8093-exec-8] org.hibernate.orm.jdbc.bind - binding parameter (1:BIGINT) <- [5]
2026-05-19 17:10:55 DEBUG [http-nio-8093-exec-8] org.hibernate.SQL - 
    select
        t1_0.info_id,
        t1_0.tag 
    from
        info_tag t1_0 
    where
        t1_0.info_id=?
2026-05-19 17:10:55 TRACE [http-nio-8093-exec-8] org.hibernate.orm.jdbc.bind - binding parameter (1:BIGINT) <- [5]
2026-05-19 17:10:55 DEBUG [http-nio-8093-exec-8] org.hibernate.SQL - 
    select
        u1_0.id,
        u1_0.created_at,
        u1_0.email,
        u1_0.nickname,
        u1_0.password,
        u1_0.role,
        u1_0.updated_at 
    from
        users u1_0 
    where
        u1_0.id=?
2026-05-19 17:10:55 TRACE [http-nio-8093-exec-8] org.hibernate.orm.jdbc.bind - binding parameter (1:BIGINT) <- [2]
2026-05-19 17:10:56 DEBUG [http-nio-8093-exec-9] org.hibernate.SQL - 
    select
        i1_0.id,
        i1_0.author_id,
        a1_0.id,
        a1_0.created_at,
        a1_0.email,
        a1_0.nickname,
        a1_0.password,
        a1_0.role,
        a1_0.updated_at,
        i1_0.body,
        i1_0.category,
        i1_0.created_at,
        i1_0.image_url,
        i1_0.summary,
        i1_0.title,
        i1_0.updated_at 
    from
        info i1_0 
    join
        users a1_0 
            on a1_0.id=i1_0.author_id 
    order by
        i1_0.created_at desc 
    fetch
        first ? rows only
2026-05-19 17:10:56 TRACE [http-nio-8093-exec-9] org.hibernate.orm.jdbc.bind - binding parameter (1:INTEGER) <- [24]
2026-05-19 17:10:56 DEBUG [http-nio-8093-exec-9] org.hibernate.SQL - 
    select
        t1_0.info_id,
        t1_0.tag 
    from
        info_tag t1_0 
    where
        t1_0.info_id=?
2026-05-19 17:10:56 TRACE [http-nio-8093-exec-9] org.hibernate.orm.jdbc.bind - binding parameter (1:BIGINT) <- [5]
2026-05-19 17:11:00 DEBUG [http-nio-8093-exec-10] org.hibernate.SQL - 
    select
        i1_0.id,
        i1_0.author_id,
        i1_0.body,
        i1_0.category,
        i1_0.created_at,
        i1_0.image_url,
        i1_0.summary,
        i1_0.title,
        i1_0.updated_at 
    from
        info i1_0 
    where
        i1_0.id=?
2026-05-19 17:11:00 TRACE [http-nio-8093-exec-10] org.hibernate.orm.jdbc.bind - binding parameter (1:BIGINT) <- [5]
2026-05-19 17:11:00 DEBUG [http-nio-8093-exec-10] org.hibernate.SQL - 
    select
        t1_0.info_id,
        t1_0.tag 
    from
        info_tag t1_0 
    where
        t1_0.info_id=?
2026-05-19 17:11:00 TRACE [http-nio-8093-exec-10] org.hibernate.orm.jdbc.bind - binding parameter (1:BIGINT) <- [5]
2026-05-19 17:11:00 DEBUG [http-nio-8093-exec-10] org.hibernate.SQL - 
    select
        u1_0.id,
        u1_0.created_at,
        u1_0.email,
        u1_0.nickname,
        u1_0.password,
        u1_0.role,
        u1_0.updated_at 
    from
        users u1_0 
    where
        u1_0.id=?
2026-05-19 17:11:00 TRACE [http-nio-8093-exec-10] org.hibernate.orm.jdbc.bind - binding parameter (1:BIGINT) <- [2]
2026-05-19 17:11:00 DEBUG [http-nio-8093-exec-1] org.hibernate.SQL - 
    select
        i1_0.id,
        i1_0.author_id,
        i1_0.body,
        i1_0.category,
        i1_0.created_at,
        i1_0.image_url,
        i1_0.summary,
        i1_0.title,
        i1_0.updated_at 
    from
        info i1_0 
    where
        i1_0.id=?
2026-05-19 17:11:00 TRACE [http-nio-8093-exec-1] org.hibernate.orm.jdbc.bind - binding parameter (1:BIGINT) <- [5]
2026-05-19 17:11:00 DEBUG [http-nio-8093-exec-1] org.hibernate.SQL - 
    select
        t1_0.info_id,
        t1_0.tag 
    from
        info_tag t1_0 
    where
        t1_0.info_id=?
2026-05-19 17:11:00 TRACE [http-nio-8093-exec-1] org.hibernate.orm.jdbc.bind - binding parameter (1:BIGINT) <- [5]
2026-05-19 17:11:00 DEBUG [http-nio-8093-exec-1] org.hibernate.SQL - 
    select
        u1_0.id,
        u1_0.created_at,
        u1_0.email,
        u1_0.nickname,
        u1_0.password,
        u1_0.role,
        u1_0.updated_at 
    from
        users u1_0 
    where
        u1_0.id=?
2026-05-19 17:11:00 TRACE [http-nio-8093-exec-1] org.hibernate.orm.jdbc.bind - binding parameter (1:BIGINT) <- [2]
2026-05-19 17:11:06 DEBUG [http-nio-8093-exec-2] org.hibernate.SQL - 
    select
        i1_0.id,
        i1_0.author_id,
        a1_0.id,
        a1_0.created_at,
        a1_0.email,
        a1_0.nickname,
        a1_0.password,
        a1_0.role,
        a1_0.updated_at,
        i1_0.body,
        i1_0.category,
        i1_0.created_at,
        i1_0.image_url,
        i1_0.summary,
        i1_0.title,
        i1_0.updated_at 
    from
        info i1_0 
    join
        users a1_0 
            on a1_0.id=i1_0.author_id 
    order by
        i1_0.created_at desc 
    fetch
        first ? rows only
2026-05-19 17:11:06 TRACE [http-nio-8093-exec-2] org.hibernate.orm.jdbc.bind - binding parameter (1:INTEGER) <- [24]
2026-05-19 17:11:06 DEBUG [http-nio-8093-exec-2] org.hibernate.SQL - 
    select
        t1_0.info_id,
        t1_0.tag 
    from
        info_tag t1_0 
    where
        t1_0.info_id=?
2026-05-19 17:11:06 TRACE [http-nio-8093-exec-2] org.hibernate.orm.jdbc.bind - binding parameter (1:BIGINT) <- [5]
2026-05-19 17:11:11 DEBUG [http-nio-8093-exec-3] org.hibernate.SQL - 
    select
        p1_0.id,
        p1_0.user_id,
        a1_0.id,
        a1_0.created_at,
        a1_0.email,
        a1_0.nickname,
        a1_0.password,
        a1_0.role,
        a1_0.updated_at,
        p1_0.category_id,
        c1_0.id,
        c1_0.code,
        c1_0.label,
        p1_0.content,
        p1_0.created_at,
        p1_0.title,
        p1_0.updated_at,
        p1_0.view_count 
    from
        posts p1_0 
    join
        users a1_0 
            on a1_0.id=p1_0.user_id 
    join
        categories c1_0 
            on c1_0.id=p1_0.category_id 
    order by
        p1_0.created_at desc 
    fetch
        first ? rows only
2026-05-19 17:11:11 TRACE [http-nio-8093-exec-3] org.hibernate.orm.jdbc.bind - binding parameter (1:INTEGER) <- [50]
2026-05-19 17:11:11 DEBUG [http-nio-8093-exec-3] org.hibernate.SQL - 
    select
        count(c1_0.id) 
    from
        comments c1_0 
    join
        posts p1_0 
            on p1_0.id=c1_0.post_id 
    where
        p1_0.id=?
2026-05-19 17:11:11 TRACE [http-nio-8093-exec-3] org.hibernate.orm.jdbc.bind - binding parameter (1:BIGINT) <- [3]
2026-05-19 17:11:11 DEBUG [http-nio-8093-exec-3] org.hibernate.SQL - 
    select
        count(c1_0.id) 
    from
        comments c1_0 
    join
        posts p1_0 
            on p1_0.id=c1_0.post_id 
    where
        p1_0.id=?
2026-05-19 17:11:11 TRACE [http-nio-8093-exec-3] org.hibernate.orm.jdbc.bind - binding parameter (1:BIGINT) <- [2]
2026-05-19 17:11:11 DEBUG [http-nio-8093-exec-3] org.hibernate.SQL - 
    select
        count(c1_0.id) 
    from
        comments c1_0 
    join
        posts p1_0 
            on p1_0.id=c1_0.post_id 
    where
        p1_0.id=?
2026-05-19 17:11:11 TRACE [http-nio-8093-exec-3] org.hibernate.orm.jdbc.bind - binding parameter (1:BIGINT) <- [1]
2026-05-19 17:11:13 DEBUG [http-nio-8093-exec-4] org.hibernate.SQL - 
    select
        p1_0.id,
        p1_0.user_id,
        p1_0.category_id,
        p1_0.content,
        p1_0.created_at,
        p1_0.title,
        p1_0.updated_at,
        p1_0.view_count 
    from
        posts p1_0 
    where
        p1_0.id=?
2026-05-19 17:11:13 TRACE [http-nio-8093-exec-4] org.hibernate.orm.jdbc.bind - binding parameter (1:BIGINT) <- [3]
2026-05-19 17:11:13 DEBUG [http-nio-8093-exec-5] org.hibernate.SQL - 
    select
        c1_0.id,
        c1_0.user_id,
        a1_0.id,
        a1_0.created_at,
        a1_0.email,
        a1_0.nickname,
        a1_0.password,
        a1_0.role,
        a1_0.updated_at,
        c1_0.content,
        c1_0.created_at,
        c1_0.post_id,
        c1_0.updated_at 
    from
        comments c1_0 
    join
        posts p1_0 
            on p1_0.id=c1_0.post_id 
    join
        users a1_0 
            on a1_0.id=c1_0.user_id 
    where
        p1_0.id=? 
    order by
        c1_0.created_at
2026-05-19 17:11:13 TRACE [http-nio-8093-exec-5] org.hibernate.orm.jdbc.bind - binding parameter (1:BIGINT) <- [3]
2026-05-19 17:11:13 DEBUG [http-nio-8093-exec-4] org.hibernate.SQL - 
    update
        posts 
    set
        user_id=?,
        category_id=?,
        content=?,
        title=?,
        updated_at=?,
        view_count=? 
    where
        id=?
2026-05-19 17:11:13 TRACE [http-nio-8093-exec-4] org.hibernate.orm.jdbc.bind - binding parameter (1:BIGINT) <- [1]
2026-05-19 17:11:13 TRACE [http-nio-8093-exec-4] org.hibernate.orm.jdbc.bind - binding parameter (2:BIGINT) <- [2]
2026-05-19 17:11:13 TRACE [http-nio-8093-exec-4] org.hibernate.orm.jdbc.bind - binding parameter (3:CLOB) <- [스프링부트 생성할 때 스타터프로젝트의 대부분은 그레이들이 편하다.
왜냐하면 그레들은 xml이랑은 달리 별로 할게 없기 때문이다.]
2026-05-19 17:11:13 TRACE [http-nio-8093-exec-4] org.hibernate.orm.jdbc.bind - binding parameter (4:VARCHAR) <- [스프링부트 프로젝트 생성시 주의점]
2026-05-19 17:11:13 TRACE [http-nio-8093-exec-4] org.hibernate.orm.jdbc.bind - binding parameter (5:TIMESTAMP) <- [2026-05-19T17:11:13.031527]
2026-05-19 17:11:13 TRACE [http-nio-8093-exec-4] org.hibernate.orm.jdbc.bind - binding parameter (6:BIGINT) <- [3]
2026-05-19 17:11:13 TRACE [http-nio-8093-exec-4] org.hibernate.orm.jdbc.bind - binding parameter (7:BIGINT) <- [3]
2026-05-19 17:11:13 DEBUG [http-nio-8093-exec-6] org.hibernate.SQL - 
    select
        c1_0.id,
        c1_0.user_id,
        a1_0.id,
        a1_0.created_at,
        a1_0.email,
        a1_0.nickname,
        a1_0.password,
        a1_0.role,
        a1_0.updated_at,
        c1_0.content,
        c1_0.created_at,
        c1_0.post_id,
        c1_0.updated_at 
    from
        comments c1_0 
    join
        posts p1_0 
            on p1_0.id=c1_0.post_id 
    join
        users a1_0 
            on a1_0.id=c1_0.user_id 
    where
        p1_0.id=? 
    order by
        c1_0.created_at
2026-05-19 17:11:13 TRACE [http-nio-8093-exec-6] org.hibernate.orm.jdbc.bind - binding parameter (1:BIGINT) <- [3]
2026-05-19 17:11:13 DEBUG [http-nio-8093-exec-4] org.hibernate.SQL - 
    select
        count(c1_0.id) 
    from
        comments c1_0 
    join
        posts p1_0 
            on p1_0.id=c1_0.post_id 
    where
        p1_0.id=?
2026-05-19 17:11:13 TRACE [http-nio-8093-exec-4] org.hibernate.orm.jdbc.bind - binding parameter (1:BIGINT) <- [3]
2026-05-19 17:11:13 DEBUG [http-nio-8093-exec-4] org.hibernate.SQL - 
    select
        c1_0.id,
        c1_0.code,
        c1_0.label 
    from
        categories c1_0 
    where
        c1_0.id=?
2026-05-19 17:11:13 TRACE [http-nio-8093-exec-4] org.hibernate.orm.jdbc.bind - binding parameter (1:BIGINT) <- [2]
2026-05-19 17:11:13 DEBUG [http-nio-8093-exec-4] org.hibernate.SQL - 
    select
        u1_0.id,
        u1_0.created_at,
        u1_0.email,
        u1_0.nickname,
        u1_0.password,
        u1_0.role,
        u1_0.updated_at 
    from
        users u1_0 
    where
        u1_0.id=?
2026-05-19 17:11:13 TRACE [http-nio-8093-exec-4] org.hibernate.orm.jdbc.bind - binding parameter (1:BIGINT) <- [1]
2026-05-19 17:11:13 DEBUG [http-nio-8093-exec-7] org.hibernate.SQL - 
    select
        p1_0.id,
        p1_0.user_id,
        p1_0.category_id,
        p1_0.content,
        p1_0.created_at,
        p1_0.title,
        p1_0.updated_at,
        p1_0.view_count 
    from
        posts p1_0 
    where
        p1_0.id=?
2026-05-19 17:11:13 TRACE [http-nio-8093-exec-7] org.hibernate.orm.jdbc.bind - binding parameter (1:BIGINT) <- [3]
2026-05-19 17:11:13 DEBUG [http-nio-8093-exec-7] org.hibernate.SQL - 
    update
        posts 
    set
        user_id=?,
        category_id=?,
        content=?,
        title=?,
        updated_at=?,
        view_count=? 
    where
        id=?
2026-05-19 17:11:13 TRACE [http-nio-8093-exec-7] org.hibernate.orm.jdbc.bind - binding parameter (1:BIGINT) <- [1]
2026-05-19 17:11:13 TRACE [http-nio-8093-exec-7] org.hibernate.orm.jdbc.bind - binding parameter (2:BIGINT) <- [2]
2026-05-19 17:11:13 TRACE [http-nio-8093-exec-7] org.hibernate.orm.jdbc.bind - binding parameter (3:CLOB) <- [스프링부트 생성할 때 스타터프로젝트의 대부분은 그레이들이 편하다.
왜냐하면 그레들은 xml이랑은 달리 별로 할게 없기 때문이다.]
2026-05-19 17:11:13 TRACE [http-nio-8093-exec-7] org.hibernate.orm.jdbc.bind - binding parameter (4:VARCHAR) <- [스프링부트 프로젝트 생성시 주의점]
2026-05-19 17:11:13 TRACE [http-nio-8093-exec-7] org.hibernate.orm.jdbc.bind - binding parameter (5:TIMESTAMP) <- [2026-05-19T17:11:13.127690]
2026-05-19 17:11:13 TRACE [http-nio-8093-exec-7] org.hibernate.orm.jdbc.bind - binding parameter (6:BIGINT) <- [4]
2026-05-19 17:11:13 TRACE [http-nio-8093-exec-7] org.hibernate.orm.jdbc.bind - binding parameter (7:BIGINT) <- [3]
2026-05-19 17:11:13 DEBUG [http-nio-8093-exec-7] org.hibernate.SQL - 
    select
        count(c1_0.id) 
    from
        comments c1_0 
    join
        posts p1_0 
            on p1_0.id=c1_0.post_id 
    where
        p1_0.id=?
2026-05-19 17:11:13 TRACE [http-nio-8093-exec-7] org.hibernate.orm.jdbc.bind - binding parameter (1:BIGINT) <- [3]
2026-05-19 17:11:13 DEBUG [http-nio-8093-exec-7] org.hibernate.SQL - 
    select
        c1_0.id,
        c1_0.code,
        c1_0.label 
    from
        categories c1_0 
    where
        c1_0.id=?
2026-05-19 17:11:13 TRACE [http-nio-8093-exec-7] org.hibernate.orm.jdbc.bind - binding parameter (1:BIGINT) <- [2]
2026-05-19 17:11:13 DEBUG [http-nio-8093-exec-7] org.hibernate.SQL - 
    select
        u1_0.id,
        u1_0.created_at,
        u1_0.email,
        u1_0.nickname,
        u1_0.password,
        u1_0.role,
        u1_0.updated_at 
    from
        users u1_0 
    where
        u1_0.id=?
2026-05-19 17:11:13 TRACE [http-nio-8093-exec-7] org.hibernate.orm.jdbc.bind - binding parameter (1:BIGINT) <- [1]
2026-05-19 17:11:15 DEBUG [http-nio-8093-exec-8] org.hibernate.SQL - 
    select
        p1_0.id,
        p1_0.user_id,
        a1_0.id,
        a1_0.created_at,
        a1_0.email,
        a1_0.nickname,
        a1_0.password,
        a1_0.role,
        a1_0.updated_at,
        p1_0.category_id,
        c1_0.id,
        c1_0.code,
        c1_0.label,
        p1_0.content,
        p1_0.created_at,
        p1_0.title,
        p1_0.updated_at,
        p1_0.view_count 
    from
        posts p1_0 
    join
        users a1_0 
            on a1_0.id=p1_0.user_id 
    join
        categories c1_0 
            on c1_0.id=p1_0.category_id 
    order by
        p1_0.created_at desc 
    fetch
        first ? rows only
2026-05-19 17:11:15 TRACE [http-nio-8093-exec-8] org.hibernate.orm.jdbc.bind - binding parameter (1:INTEGER) <- [50]
2026-05-19 17:11:15 DEBUG [http-nio-8093-exec-8] org.hibernate.SQL - 
    select
        count(c1_0.id) 
    from
        comments c1_0 
    join
        posts p1_0 
            on p1_0.id=c1_0.post_id 
    where
        p1_0.id=?
2026-05-19 17:11:15 TRACE [http-nio-8093-exec-8] org.hibernate.orm.jdbc.bind - binding parameter (1:BIGINT) <- [3]
2026-05-19 17:11:15 DEBUG [http-nio-8093-exec-8] org.hibernate.SQL - 
    select
        count(c1_0.id) 
    from
        comments c1_0 
    join
        posts p1_0 
            on p1_0.id=c1_0.post_id 
    where
        p1_0.id=?
2026-05-19 17:11:15 TRACE [http-nio-8093-exec-8] org.hibernate.orm.jdbc.bind - binding parameter (1:BIGINT) <- [2]
2026-05-19 17:11:15 DEBUG [http-nio-8093-exec-8] org.hibernate.SQL - 
    select
        count(c1_0.id) 
    from
        comments c1_0 
    join
        posts p1_0 
            on p1_0.id=c1_0.post_id 
    where
        p1_0.id=?
2026-05-19 17:11:15 TRACE [http-nio-8093-exec-8] org.hibernate.orm.jdbc.bind - binding parameter (1:BIGINT) <- [1]
2026-05-19 17:11:16 DEBUG [http-nio-8093-exec-9] org.hibernate.SQL - 
    select
        p1_0.id,
        p1_0.user_id,
        p1_0.category_id,
        p1_0.content,
        p1_0.created_at,
        p1_0.title,
        p1_0.updated_at,
        p1_0.view_count 
    from
        posts p1_0 
    where
        p1_0.id=?
2026-05-19 17:11:16 TRACE [http-nio-8093-exec-9] org.hibernate.orm.jdbc.bind - binding parameter (1:BIGINT) <- [3]
2026-05-19 17:11:16 DEBUG [http-nio-8093-exec-10] org.hibernate.SQL - 
    select
        c1_0.id,
        c1_0.user_id,
        a1_0.id,
        a1_0.created_at,
        a1_0.email,
        a1_0.nickname,
        a1_0.password,
        a1_0.role,
        a1_0.updated_at,
        c1_0.content,
        c1_0.created_at,
        c1_0.post_id,
        c1_0.updated_at 
    from
        comments c1_0 
    join
        posts p1_0 
            on p1_0.id=c1_0.post_id 
    join
        users a1_0 
            on a1_0.id=c1_0.user_id 
    where
        p1_0.id=? 
    order by
        c1_0.created_at
2026-05-19 17:11:16 TRACE [http-nio-8093-exec-10] org.hibernate.orm.jdbc.bind - binding parameter (1:BIGINT) <- [3]
2026-05-19 17:11:16 DEBUG [http-nio-8093-exec-9] org.hibernate.SQL - 
    update
        posts 
    set
        user_id=?,
        category_id=?,
        content=?,
        title=?,
        updated_at=?,
        view_count=? 
    where
        id=?
2026-05-19 17:11:16 TRACE [http-nio-8093-exec-9] org.hibernate.orm.jdbc.bind - binding parameter (1:BIGINT) <- [1]
2026-05-19 17:11:16 TRACE [http-nio-8093-exec-9] org.hibernate.orm.jdbc.bind - binding parameter (2:BIGINT) <- [2]
2026-05-19 17:11:16 TRACE [http-nio-8093-exec-9] org.hibernate.orm.jdbc.bind - binding parameter (3:CLOB) <- [스프링부트 생성할 때 스타터프로젝트의 대부분은 그레이들이 편하다.
왜냐하면 그레들은 xml이랑은 달리 별로 할게 없기 때문이다.]
2026-05-19 17:11:16 TRACE [http-nio-8093-exec-9] org.hibernate.orm.jdbc.bind - binding parameter (4:VARCHAR) <- [스프링부트 프로젝트 생성시 주의점]
2026-05-19 17:11:16 TRACE [http-nio-8093-exec-9] org.hibernate.orm.jdbc.bind - binding parameter (5:TIMESTAMP) <- [2026-05-19T17:11:16.196507]
2026-05-19 17:11:16 TRACE [http-nio-8093-exec-9] org.hibernate.orm.jdbc.bind - binding parameter (6:BIGINT) <- [5]
2026-05-19 17:11:16 TRACE [http-nio-8093-exec-9] org.hibernate.orm.jdbc.bind - binding parameter (7:BIGINT) <- [3]
2026-05-19 17:11:16 DEBUG [http-nio-8093-exec-9] org.hibernate.SQL - 
    select
        count(c1_0.id) 
    from
        comments c1_0 
    join
        posts p1_0 
            on p1_0.id=c1_0.post_id 
    where
        p1_0.id=?
2026-05-19 17:11:16 DEBUG [http-nio-8093-exec-1] org.hibernate.SQL - 
    select
        c1_0.id,
        c1_0.user_id,
        a1_0.id,
        a1_0.created_at,
        a1_0.email,
        a1_0.nickname,
        a1_0.password,
        a1_0.role,
        a1_0.updated_at,
        c1_0.content,
        c1_0.created_at,
        c1_0.post_id,
        c1_0.updated_at 
    from
        comments c1_0 
    join
        posts p1_0 
            on p1_0.id=c1_0.post_id 
    join
        users a1_0 
            on a1_0.id=c1_0.user_id 
    where
        p1_0.id=? 
    order by
        c1_0.created_at
2026-05-19 17:11:16 TRACE [http-nio-8093-exec-1] org.hibernate.orm.jdbc.bind - binding parameter (1:BIGINT) <- [3]
2026-05-19 17:11:16 TRACE [http-nio-8093-exec-9] org.hibernate.orm.jdbc.bind - binding parameter (1:BIGINT) <- [3]
2026-05-19 17:11:16 DEBUG [http-nio-8093-exec-9] org.hibernate.SQL - 
    select
        c1_0.id,
        c1_0.code,
        c1_0.label 
    from
        categories c1_0 
    where
        c1_0.id=?
2026-05-19 17:11:16 TRACE [http-nio-8093-exec-9] org.hibernate.orm.jdbc.bind - binding parameter (1:BIGINT) <- [2]
2026-05-19 17:11:16 DEBUG [http-nio-8093-exec-9] org.hibernate.SQL - 
    select
        u1_0.id,
        u1_0.created_at,
        u1_0.email,
        u1_0.nickname,
        u1_0.password,
        u1_0.role,
        u1_0.updated_at 
    from
        users u1_0 
    where
        u1_0.id=?
2026-05-19 17:11:16 TRACE [http-nio-8093-exec-9] org.hibernate.orm.jdbc.bind - binding parameter (1:BIGINT) <- [1]
2026-05-19 17:11:16 DEBUG [http-nio-8093-exec-2] org.hibernate.SQL - 
    select
        p1_0.id,
        p1_0.user_id,
        p1_0.category_id,
        p1_0.content,
        p1_0.created_at,
        p1_0.title,
        p1_0.updated_at,
        p1_0.view_count 
    from
        posts p1_0 
    where
        p1_0.id=?
2026-05-19 17:11:16 TRACE [http-nio-8093-exec-2] org.hibernate.orm.jdbc.bind - binding parameter (1:BIGINT) <- [3]
2026-05-19 17:11:16 DEBUG [http-nio-8093-exec-2] org.hibernate.SQL - 
    update
        posts 
    set
        user_id=?,
        category_id=?,
        content=?,
        title=?,
        updated_at=?,
        view_count=? 
    where
        id=?
2026-05-19 17:11:16 TRACE [http-nio-8093-exec-2] org.hibernate.orm.jdbc.bind - binding parameter (1:BIGINT) <- [1]
2026-05-19 17:11:16 TRACE [http-nio-8093-exec-2] org.hibernate.orm.jdbc.bind - binding parameter (2:BIGINT) <- [2]
2026-05-19 17:11:16 TRACE [http-nio-8093-exec-2] org.hibernate.orm.jdbc.bind - binding parameter (3:CLOB) <- [스프링부트 생성할 때 스타터프로젝트의 대부분은 그레이들이 편하다.
왜냐하면 그레들은 xml이랑은 달리 별로 할게 없기 때문이다.]
2026-05-19 17:11:16 TRACE [http-nio-8093-exec-2] org.hibernate.orm.jdbc.bind - binding parameter (4:VARCHAR) <- [스프링부트 프로젝트 생성시 주의점]
2026-05-19 17:11:16 TRACE [http-nio-8093-exec-2] org.hibernate.orm.jdbc.bind - binding parameter (5:TIMESTAMP) <- [2026-05-19T17:11:16.280349]
2026-05-19 17:11:16 TRACE [http-nio-8093-exec-2] org.hibernate.orm.jdbc.bind - binding parameter (6:BIGINT) <- [6]
2026-05-19 17:11:16 TRACE [http-nio-8093-exec-2] org.hibernate.orm.jdbc.bind - binding parameter (7:BIGINT) <- [3]
2026-05-19 17:11:16 DEBUG [http-nio-8093-exec-2] org.hibernate.SQL - 
    select
        count(c1_0.id) 
    from
        comments c1_0 
    join
        posts p1_0 
            on p1_0.id=c1_0.post_id 
    where
        p1_0.id=?
2026-05-19 17:11:16 TRACE [http-nio-8093-exec-2] org.hibernate.orm.jdbc.bind - binding parameter (1:BIGINT) <- [3]
2026-05-19 17:11:16 DEBUG [http-nio-8093-exec-2] org.hibernate.SQL - 
    select
        c1_0.id,
        c1_0.code,
        c1_0.label 
    from
        categories c1_0 
    where
        c1_0.id=?
2026-05-19 17:11:16 TRACE [http-nio-8093-exec-2] org.hibernate.orm.jdbc.bind - binding parameter (1:BIGINT) <- [2]
2026-05-19 17:11:16 DEBUG [http-nio-8093-exec-2] org.hibernate.SQL - 
    select
        u1_0.id,
        u1_0.created_at,
        u1_0.email,
        u1_0.nickname,
        u1_0.password,
        u1_0.role,
        u1_0.updated_at 
    from
        users u1_0 
    where
        u1_0.id=?
2026-05-19 17:11:16 TRACE [http-nio-8093-exec-2] org.hibernate.orm.jdbc.bind - binding parameter (1:BIGINT) <- [1]
2026-05-19 17:11:17 DEBUG [http-nio-8093-exec-3] org.hibernate.SQL - 
    select
        p1_0.id,
        p1_0.user_id,
        a1_0.id,
        a1_0.created_at,
        a1_0.email,
        a1_0.nickname,
        a1_0.password,
        a1_0.role,
        a1_0.updated_at,
        p1_0.category_id,
        c1_0.id,
        c1_0.code,
        c1_0.label,
        p1_0.content,
        p1_0.created_at,
        p1_0.title,
        p1_0.updated_at,
        p1_0.view_count 
    from
        posts p1_0 
    join
        users a1_0 
            on a1_0.id=p1_0.user_id 
    join
        categories c1_0 
            on c1_0.id=p1_0.category_id 
    order by
        p1_0.created_at desc 
    fetch
        first ? rows only
2026-05-19 17:11:17 TRACE [http-nio-8093-exec-3] org.hibernate.orm.jdbc.bind - binding parameter (1:INTEGER) <- [50]
2026-05-19 17:11:17 DEBUG [http-nio-8093-exec-3] org.hibernate.SQL - 
    select
        count(c1_0.id) 
    from
        comments c1_0 
    join
        posts p1_0 
            on p1_0.id=c1_0.post_id 
    where
        p1_0.id=?
2026-05-19 17:11:17 TRACE [http-nio-8093-exec-3] org.hibernate.orm.jdbc.bind - binding parameter (1:BIGINT) <- [3]
2026-05-19 17:11:17 DEBUG [http-nio-8093-exec-3] org.hibernate.SQL - 
    select
        count(c1_0.id) 
    from
        comments c1_0 
    join
        posts p1_0 
            on p1_0.id=c1_0.post_id 
    where
        p1_0.id=?
2026-05-19 17:11:17 TRACE [http-nio-8093-exec-3] org.hibernate.orm.jdbc.bind - binding parameter (1:BIGINT) <- [2]
2026-05-19 17:11:17 DEBUG [http-nio-8093-exec-3] org.hibernate.SQL - 
    select
        count(c1_0.id) 
    from
        comments c1_0 
    join
        posts p1_0 
            on p1_0.id=c1_0.post_id 
    where
        p1_0.id=?
2026-05-19 17:11:17 TRACE [http-nio-8093-exec-3] org.hibernate.orm.jdbc.bind - binding parameter (1:BIGINT) <- [1]
2026-05-19 17:11:18 DEBUG [http-nio-8093-exec-5] org.hibernate.SQL - 
    select
        p1_0.id,
        p1_0.user_id,
        p1_0.category_id,
        p1_0.content,
        p1_0.created_at,
        p1_0.title,
        p1_0.updated_at,
        p1_0.view_count 
    from
        posts p1_0 
    where
        p1_0.id=?
2026-05-19 17:11:18 TRACE [http-nio-8093-exec-5] org.hibernate.orm.jdbc.bind - binding parameter (1:BIGINT) <- [3]
2026-05-19 17:11:18 DEBUG [http-nio-8093-exec-6] org.hibernate.SQL - 
    select
        c1_0.id,
        c1_0.user_id,
        a1_0.id,
        a1_0.created_at,
        a1_0.email,
        a1_0.nickname,
        a1_0.password,
        a1_0.role,
        a1_0.updated_at,
        c1_0.content,
        c1_0.created_at,
        c1_0.post_id,
        c1_0.updated_at 
    from
        comments c1_0 
    join
        posts p1_0 
            on p1_0.id=c1_0.post_id 
    join
        users a1_0 
            on a1_0.id=c1_0.user_id 
    where
        p1_0.id=? 
    order by
        c1_0.created_at
2026-05-19 17:11:18 TRACE [http-nio-8093-exec-6] org.hibernate.orm.jdbc.bind - binding parameter (1:BIGINT) <- [3]
2026-05-19 17:11:18 DEBUG [http-nio-8093-exec-5] org.hibernate.SQL - 
    update
        posts 
    set
        user_id=?,
        category_id=?,
        content=?,
        title=?,
        updated_at=?,
        view_count=? 
    where
        id=?
2026-05-19 17:11:18 TRACE [http-nio-8093-exec-5] org.hibernate.orm.jdbc.bind - binding parameter (1:BIGINT) <- [1]
2026-05-19 17:11:18 TRACE [http-nio-8093-exec-5] org.hibernate.orm.jdbc.bind - binding parameter (2:BIGINT) <- [2]
2026-05-19 17:11:18 TRACE [http-nio-8093-exec-5] org.hibernate.orm.jdbc.bind - binding parameter (3:CLOB) <- [스프링부트 생성할 때 스타터프로젝트의 대부분은 그레이들이 편하다.
왜냐하면 그레들은 xml이랑은 달리 별로 할게 없기 때문이다.]
2026-05-19 17:11:18 TRACE [http-nio-8093-exec-5] org.hibernate.orm.jdbc.bind - binding parameter (4:VARCHAR) <- [스프링부트 프로젝트 생성시 주의점]
2026-05-19 17:11:18 TRACE [http-nio-8093-exec-5] org.hibernate.orm.jdbc.bind - binding parameter (5:TIMESTAMP) <- [2026-05-19T17:11:18.175323]
2026-05-19 17:11:18 TRACE [http-nio-8093-exec-5] org.hibernate.orm.jdbc.bind - binding parameter (6:BIGINT) <- [7]
2026-05-19 17:11:18 TRACE [http-nio-8093-exec-5] org.hibernate.orm.jdbc.bind - binding parameter (7:BIGINT) <- [3]
2026-05-19 17:11:18 DEBUG [http-nio-8093-exec-5] org.hibernate.SQL - 
    select
        count(c1_0.id) 
    from
        comments c1_0 
    join
        posts p1_0 
            on p1_0.id=c1_0.post_id 
    where
        p1_0.id=?
2026-05-19 17:11:18 TRACE [http-nio-8093-exec-5] org.hibernate.orm.jdbc.bind - binding parameter (1:BIGINT) <- [3]
2026-05-19 17:11:18 DEBUG [http-nio-8093-exec-4] org.hibernate.SQL - 
    select
        c1_0.id,
        c1_0.user_id,
        a1_0.id,
        a1_0.created_at,
        a1_0.email,
        a1_0.nickname,
        a1_0.password,
        a1_0.role,
        a1_0.updated_at,
        c1_0.content,
        c1_0.created_at,
        c1_0.post_id,
        c1_0.updated_at 
    from
        comments c1_0 
    join
        posts p1_0 
            on p1_0.id=c1_0.post_id 
    join
        users a1_0 
            on a1_0.id=c1_0.user_id 
    where
        p1_0.id=? 
    order by
        c1_0.created_at
2026-05-19 17:11:18 DEBUG [http-nio-8093-exec-5] org.hibernate.SQL - 
    select
        c1_0.id,
        c1_0.code,
        c1_0.label 
    from
        categories c1_0 
    where
        c1_0.id=?
2026-05-19 17:11:18 TRACE [http-nio-8093-exec-4] org.hibernate.orm.jdbc.bind - binding parameter (1:BIGINT) <- [3]
2026-05-19 17:11:18 TRACE [http-nio-8093-exec-5] org.hibernate.orm.jdbc.bind - binding parameter (1:BIGINT) <- [2]
2026-05-19 17:11:18 DEBUG [http-nio-8093-exec-5] org.hibernate.SQL - 
    select
        u1_0.id,
        u1_0.created_at,
        u1_0.email,
        u1_0.nickname,
        u1_0.password,
        u1_0.role,
        u1_0.updated_at 
    from
        users u1_0 
    where
        u1_0.id=?
2026-05-19 17:11:18 TRACE [http-nio-8093-exec-5] org.hibernate.orm.jdbc.bind - binding parameter (1:BIGINT) <- [1]
2026-05-19 17:11:18 DEBUG [http-nio-8093-exec-7] org.hibernate.SQL - 
    select
        p1_0.id,
        p1_0.user_id,
        p1_0.category_id,
        p1_0.content,
        p1_0.created_at,
        p1_0.title,
        p1_0.updated_at,
        p1_0.view_count 
    from
        posts p1_0 
    where
        p1_0.id=?
2026-05-19 17:11:18 TRACE [http-nio-8093-exec-7] org.hibernate.orm.jdbc.bind - binding parameter (1:BIGINT) <- [3]
2026-05-19 17:11:18 DEBUG [http-nio-8093-exec-7] org.hibernate.SQL - 
    update
        posts 
    set
        user_id=?,
        category_id=?,
        content=?,
        title=?,
        updated_at=?,
        view_count=? 
    where
        id=?
2026-05-19 17:11:18 TRACE [http-nio-8093-exec-7] org.hibernate.orm.jdbc.bind - binding parameter (1:BIGINT) <- [1]
2026-05-19 17:11:18 TRACE [http-nio-8093-exec-7] org.hibernate.orm.jdbc.bind - binding parameter (2:BIGINT) <- [2]
2026-05-19 17:11:18 TRACE [http-nio-8093-exec-7] org.hibernate.orm.jdbc.bind - binding parameter (3:CLOB) <- [스프링부트 생성할 때 스타터프로젝트의 대부분은 그레이들이 편하다.
왜냐하면 그레들은 xml이랑은 달리 별로 할게 없기 때문이다.]
2026-05-19 17:11:18 TRACE [http-nio-8093-exec-7] org.hibernate.orm.jdbc.bind - binding parameter (4:VARCHAR) <- [스프링부트 프로젝트 생성시 주의점]
2026-05-19 17:11:18 TRACE [http-nio-8093-exec-7] org.hibernate.orm.jdbc.bind - binding parameter (5:TIMESTAMP) <- [2026-05-19T17:11:18.241968]
2026-05-19 17:11:18 TRACE [http-nio-8093-exec-7] org.hibernate.orm.jdbc.bind - binding parameter (6:BIGINT) <- [8]
2026-05-19 17:11:18 TRACE [http-nio-8093-exec-7] org.hibernate.orm.jdbc.bind - binding parameter (7:BIGINT) <- [3]
2026-05-19 17:11:18 DEBUG [http-nio-8093-exec-7] org.hibernate.SQL - 
    select
        count(c1_0.id) 
    from
        comments c1_0 
    join
        posts p1_0 
            on p1_0.id=c1_0.post_id 
    where
        p1_0.id=?
2026-05-19 17:11:18 TRACE [http-nio-8093-exec-7] org.hibernate.orm.jdbc.bind - binding parameter (1:BIGINT) <- [3]
2026-05-19 17:11:18 DEBUG [http-nio-8093-exec-7] org.hibernate.SQL - 
    select
        c1_0.id,
        c1_0.code,
        c1_0.label 
    from
        categories c1_0 
    where
        c1_0.id=?
2026-05-19 17:11:18 TRACE [http-nio-8093-exec-7] org.hibernate.orm.jdbc.bind - binding parameter (1:BIGINT) <- [2]
2026-05-19 17:11:18 DEBUG [http-nio-8093-exec-7] org.hibernate.SQL - 
    select
        u1_0.id,
        u1_0.created_at,
        u1_0.email,
        u1_0.nickname,
        u1_0.password,
        u1_0.role,
        u1_0.updated_at 
    from
        users u1_0 
    where
        u1_0.id=?
2026-05-19 17:11:18 TRACE [http-nio-8093-exec-7] org.hibernate.orm.jdbc.bind - binding parameter (1:BIGINT) <- [1]
2026-05-19 17:11:25 DEBUG [http-nio-8093-exec-8] org.hibernate.SQL - 
    select
        p1_0.id,
        p1_0.user_id,
        p1_0.category_id,
        p1_0.content,
        p1_0.created_at,
        p1_0.title,
        p1_0.updated_at,
        p1_0.view_count 
    from
        posts p1_0 
    where
        p1_0.id=?
2026-05-19 17:11:25 TRACE [http-nio-8093-exec-8] org.hibernate.orm.jdbc.bind - binding parameter (1:BIGINT) <- [3]
2026-05-19 17:11:25 DEBUG [http-nio-8093-exec-8] org.hibernate.SQL - 
    select
        u1_0.id,
        u1_0.created_at,
        u1_0.email,
        u1_0.nickname,
        u1_0.password,
        u1_0.role,
        u1_0.updated_at 
    from
        users u1_0 
    where
        u1_0.id = any (?)
2026-05-19 17:11:25 TRACE [http-nio-8093-exec-8] org.hibernate.orm.jdbc.bind - binding parameter (1:ARRAY) <- [[2, 1]]
2026-05-19 17:11:25 DEBUG [http-nio-8093-exec-8] org.hibernate.SQL - 
    insert 
    into
        comments
        (user_id, content, created_at, post_id, updated_at) 
    values
        (?, ?, ?, ?, ?)
2026-05-19 17:11:25 TRACE [http-nio-8093-exec-8] org.hibernate.orm.jdbc.bind - binding parameter (1:BIGINT) <- [2]
2026-05-19 17:11:25 TRACE [http-nio-8093-exec-8] org.hibernate.orm.jdbc.bind - binding parameter (2:VARCHAR) <- [조회수 고쳐야 될듯하다.]
2026-05-19 17:11:25 TRACE [http-nio-8093-exec-8] org.hibernate.orm.jdbc.bind - binding parameter (3:TIMESTAMP) <- [2026-05-19T17:11:25.718901]
2026-05-19 17:11:25 TRACE [http-nio-8093-exec-8] org.hibernate.orm.jdbc.bind - binding parameter (4:BIGINT) <- [3]
2026-05-19 17:11:25 TRACE [http-nio-8093-exec-8] org.hibernate.orm.jdbc.bind - binding parameter (5:TIMESTAMP) <- [2026-05-19T17:11:25.718901]
2026-05-19 17:12:01 DEBUG [http-nio-8093-exec-10] org.hibernate.SQL - 
    select
        p1_0.id,
        p1_0.user_id,
        p1_0.category_id,
        p1_0.content,
        p1_0.created_at,
        p1_0.title,
        p1_0.updated_at,
        p1_0.view_count 
    from
        posts p1_0 
    where
        p1_0.id=?
2026-05-19 17:12:01 TRACE [http-nio-8093-exec-10] org.hibernate.orm.jdbc.bind - binding parameter (1:BIGINT) <- [3]
2026-05-19 17:12:01 DEBUG [http-nio-8093-exec-10] org.hibernate.SQL - 
    select
        u1_0.id,
        u1_0.created_at,
        u1_0.email,
        u1_0.nickname,
        u1_0.password,
        u1_0.role,
        u1_0.updated_at 
    from
        users u1_0 
    where
        u1_0.id = any (?)
2026-05-19 17:12:01 TRACE [http-nio-8093-exec-10] org.hibernate.orm.jdbc.bind - binding parameter (1:ARRAY) <- [[2, 1]]
2026-05-19 17:12:01 DEBUG [http-nio-8093-exec-10] org.hibernate.SQL - 
    insert 
    into
        comments
        (user_id, content, created_at, post_id, updated_at) 
    values
        (?, ?, ?, ?, ?)
2026-05-19 17:12:01 TRACE [http-nio-8093-exec-10] org.hibernate.orm.jdbc.bind - binding parameter (1:BIGINT) <- [2]
2026-05-19 17:12:01 TRACE [http-nio-8093-exec-10] org.hibernate.orm.jdbc.bind - binding parameter (2:VARCHAR) <- [조회수 고치고 뭘넣을까 카카오톡 공유 버튼 추가해야겠다.]
2026-05-19 17:12:01 TRACE [http-nio-8093-exec-10] org.hibernate.orm.jdbc.bind - binding parameter (3:TIMESTAMP) <- [2026-05-19T17:12:01.319508]
2026-05-19 17:12:01 TRACE [http-nio-8093-exec-10] org.hibernate.orm.jdbc.bind - binding parameter (4:BIGINT) <- [3]
2026-05-19 17:12:01 TRACE [http-nio-8093-exec-10] org.hibernate.orm.jdbc.bind - binding parameter (5:TIMESTAMP) <- [2026-05-19T17:12:01.319508]
2026-05-19 17:12:05 DEBUG [http-nio-8093-exec-1] org.hibernate.SQL - 
    select
        i1_0.id,
        i1_0.author_id,
        a1_0.id,
        a1_0.created_at,
        a1_0.email,
        a1_0.nickname,
        a1_0.password,
        a1_0.role,
        a1_0.updated_at,
        i1_0.body,
        i1_0.category,
        i1_0.created_at,
        i1_0.image_url,
        i1_0.summary,
        i1_0.title,
        i1_0.updated_at 
    from
        info i1_0 
    join
        users a1_0 
            on a1_0.id=i1_0.author_id 
    order by
        i1_0.created_at desc 
    fetch
        first ? rows only
2026-05-19 17:12:05 TRACE [http-nio-8093-exec-1] org.hibernate.orm.jdbc.bind - binding parameter (1:INTEGER) <- [24]
2026-05-19 17:12:05 DEBUG [http-nio-8093-exec-1] org.hibernate.SQL - 
    select
        t1_0.info_id,
        t1_0.tag 
    from
        info_tag t1_0 
    where
        t1_0.info_id=?
2026-05-19 17:12:05 TRACE [http-nio-8093-exec-1] org.hibernate.orm.jdbc.bind - binding parameter (1:BIGINT) <- [5]
2026-05-19 17:12:25 INFO  [RMI TCP Connection(12)-127.0.0.1] o.s.b.a.SpringApplicationAdminMXBeanRegistrar$SpringApplicationAdmin - Application shutdown requested.
2026-05-19 17:12:25 INFO  [RMI TCP Connection(12)-127.0.0.1] o.s.b.w.e.tomcat.GracefulShutdown - Commencing graceful shutdown. Waiting for active requests to complete
2026-05-19 17:12:26 INFO  [tomcat-shutdown] o.s.b.w.e.tomcat.GracefulShutdown - Graceful shutdown complete
2026-05-19 17:12:26 INFO  [RMI TCP Connection(12)-127.0.0.1] o.s.o.j.LocalContainerEntityManagerFactoryBean - Closing JPA EntityManagerFactory for persistence unit 'default'
2026-05-19 17:12:26 INFO  [RMI TCP Connection(12)-127.0.0.1] com.zaxxer.hikari.HikariDataSource - HikariPool-1 - Shutdown initiated...
2026-05-19 17:12:26 INFO  [RMI TCP Connection(12)-127.0.0.1] com.zaxxer.hikari.HikariDataSource - HikariPool-1 - Shutdown completed.
